ABADES,SEGOVIA,-4.26828464809091,40.9207763018182,22
ABANADES,GUADALAJARA,-2.4959268375,40.889573835,2
ABEGONDO,A CORUÑA,-8.28832667681013,43.2241226943038,79
ABENOJAR,CIUDAD REAL,-4.38915551,38.887896367931,29
ABLANQUE,GUADALAJARA,-2.224590735,40.89986022,2
ADOBES,GUADALAJARA,-1.681266418,40.67520773,1
ADRADA DE PIRON,SEGOVIA,-4.050062335,41.05040319,1
ADRADOS,SEGOVIA,-4.11460258871429,41.3682266814286,7
AGOLADA,PONTEVEDRA,-8.04429300109434,42.7948715433962,53
AGUILAFUENTE,SEGOVIA,-4.11158026662963,41.2234832281481,27
ALAMEDA DE LA SAGRA,TOLEDO,-3.80182276840984,40.0134710083607,61
ALAMILLO,CIUDAD REAL,-4.78640858688889,38.6787028033333,18
ALAMINOS,GUADALAJARA,-2.7322738615,40.85942861,2
ALBALADEJO,CIUDAD REAL,-2.80449077552941,38.6120822347059,17
ALBALATE DE LAS NOGUERAS,CUENCA,-2.2793536515,40.37008369,4
ALBALATE DE ZORITA,GUADALAJARA,-2.82942580629545,40.2983469765909,44
ALBARES,GUADALAJARA,-3.00881603866667,40.305593375,6
ALBENDEA,CUENCA,-2.38587555618182,40.4745051045454,11
ALCALA DE HENARES,MADRID,-3.36199519466404,40.4826973203937,381
ALCALA DE LA VEGA,CUENCA,-1.6775090015,40.04289602,6
ALCAZAR DE SAN JUAN,CIUDAD REAL,-3.23213154201146,39.2895579361529,785
ALCOBA,CIUDAD REAL,-4.43904905794118,39.2657681341177,17
ALCOCER,GUADALAJARA,-2.60541315946667,40.4683616213333,15
ALCOHUJATE,CUENCA,-2.617469232,40.41629158,1
ALCOLEA DE CALATRAVA,CIUDAD REAL,-4.11342093654054,38.9924016532432,37
ALCOLEA DEL PINAR,GUADALAJARA,-2.4774072071,41.0208560465,20
ALCONADA DE MADERUELO,SEGOVIA,-3.48704844775,41.4513033925,4
ALCOROCHES,GUADALAJARA,-1.74902629225,40.62234772,4
ALCUBILLA DE LAS PEÑAS,SORIA,-2.511599774,41.25840867,3
ALCUBILLA DE NOGALES,ZAMORA,-5.922250987,42.12820281,1
ALCUBILLAS,CIUDAD REAL,-3.15814429142857,38.7573842561905,21
ALDEA DEL REY,CIUDAD REAL,-3.84538199246875,38.7293657196875,32
ALDEA EN CABO,TOLEDO,-4.452974945,40.1832161866667,3
ALDEA LENGUA DE PEDRAZA,SEGOVIA,-3.80861012842857,41.0667162957143,7
ALDEA LENGUA DE SANTA MARIA,SEGOVIA,-3.633866578,41.26645803,2
ALDEA NUEVA DE LA SERREZUELA,SEGOVIA,-3.791930548,41.45632007,2
ALDEA NUEVA DEL CODONAL,SEGOVIA,-4.54155445577778,41.0779086466667,9
ALDEA REAL,SEGOVIA,-4.166227182,41.1822643947059,17
ALDEA SOÑA,SEGOVIA,-4.0520860595,41.47564233,2
ALDEALCORVO,SEGOVIA,-3.784933135,41.25064196,3
ALDEANUEVA DE GUADALAJARA,GUADALAJARA,-3.047130273,40.678297825,2
ALDEAQUEMADA,JAEN,-3.4293672635,38.4828127,2
ALDEHORNO,SEGOVIA,-3.776860165,41.51271209,1
ALDEHUELA DEL CODONAL,SEGOVIA,-4.53259929066667,41.0521045033333,3
ALDEONTE,SEGOVIA,-3.696639672,41.330785371,10
ALGAR DE MESA,GUADALAJARA,-1.959475343,41.13297921,2
ALGARRA,CUENCA,-1.437609332,40.00169489,1
ALHAMBRA,CIUDAD REAL,-3.07493841443243,38.8969759625676,74
ALHONDIGA,GUADALAJARA,-2.833013329,40.5296220425,4
ALIAGUILLA,CUENCA,-1.32277036,39.74198909,8
ALIJA DEL INFANTADO,LEON,-5.83251776336842,42.1591523394737,19
ALIQUE,GUADALAJARA,-2.644968083,40.58528559,1
ALLARIZ,OURENSE,-7.8011753038173,42.1919053203846,104
ALMADEN,CIUDAD REAL,-4.81386232575472,38.7833330635849,53
ALMADENEJOS,CIUDAD REAL,-4.70347259340741,38.7718920485185,27
ALMAGRO,CIUDAD REAL,-3.71810573119905,38.8869891533175,211
ALMEDINA,CIUDAD REAL,-2.95785432157143,38.6198801714286,7
ALMODOVAR DEL CAMPO,CIUDAD REAL,-4.37669704846219,38.6752819432773,119
ALMOGUERA,GUADALAJARA,-2.99815299656364,40.2722405758182,55
ALMONACID DE ZORITA,GUADALAJARA,-2.85641624216667,40.3355512529167,24
ALMOROX,TOLEDO,-4.37652514162745,40.227122365098,51
ALMURADIEL,CIUDAD REAL,-3.48641652356757,38.4855435262162,37
ALOCEN,GUADALAJARA,-2.73292159408333,40.5788206191667,12
ALOVERA,GUADALAJARA,-3.23041191075,40.5811272425,8
ALTAREJOS,CUENCA,-2.428176544,39.95625446,1
ALUSTANTE,GUADALAJARA,-1.6498683665,40.6044864033333,6
AMBITE,MADRID,-3.187024508,40.3221449170588,17
AMES,A CORUÑA,-8.62144670252996,42.8600799665438,217
AMOEIRO,OURENSE,-7.94361619584615,42.3964079535898,39
ANAYA,SEGOVIA,-4.3067685118,40.983780992,5
ANCHUELO,MADRID,-3.264938032,40.4650974014286,14
AÑE,SEGOVIA,-4.324557382,41.044157695,2
ANGUITA,GUADALAJARA,-2.362712343,41.0113306072727,11
AÑOVER DE TAJO,TOLEDO,-3.76716779845833,39.97928502875,96
ANQUELA DEL DUCADO,GUADALAJARA,-2.13985601733333,40.97725342,3
ANQUELA DEL PEDREGAL,GUADALAJARA,-1.739165026,40.74230486,1
ANTAS DE ULLA,LUGO,-7.89699668109756,42.7778385380488,41
ANTIGUA LA,LEON,-5.67756520871429,42.1823785492857,14
ARAHUETES,SEGOVIA,-3.86017341275,41.1543963425,4
ARANDILLA DEL ARROYO,CUENCA,-2.385098782,40.511766345,2
ARANGA,A CORUÑA,-8.01973440529851,43.2178657816418,67
ARANJUEZ,MADRID,-3.60806514019631,40.0342773561663,433
ARANZUEQUE,GUADALAJARA,-3.082058044,40.4968677,1
ARBETETA,GUADALAJARA,-2.403598412,40.66827308,1
ARBO,PONTEVEDRA,-8.31793780284783,42.1138608221739,46
ARCICOLLAR,TOLEDO,-4.11791394471875,40.058537034375,32
ARCONES,SEGOVIA,-3.7341002038125,41.11883260875,16
ARCOS DE JALON,SORIA,-2.28448842834091,41.1971295840909,44
ARCOS DE LA SIERRA,CUENCA,-2.1031550205,40.34710792,4
ARDON,LEON,-5.612093656,42.45626894,3
ARENALES DE SAN GREGORIO,CIUDAD REAL,-3.02837276205882,39.31171702,17
ARENAS DE SAN JUAN,CIUDAD REAL,-3.50554860002128,39.2049413378723,47
ARES,A CORUÑA,-8.24947328278689,43.4333436927869,61
AREVALILLO DE CEGA,SEGOVIA,-3.877344747,41.169827645,2
ARGAMASILLA DE ALBA,CIUDAD REAL,-3.10052288533014,39.1237134798086,209
ARGAMASILLA DE CALATRAVA,CIUDAD REAL,-4.06838966534731,38.7321710403593,167
ARGANDA DEL REY,MADRID,-3.45789692652759,40.303925789138,580
ARGANZA,LEON,-6.68774508329412,42.6391479652941,17
ARMUÑA,SEGOVIA,-4.25888169775,41.05667430625,8
ARMUÑA DE TAJUÑA,GUADALAJARA,-3.0230462024,40.535522664,5
ARNOIA A,OURENSE,-8.13173301425,42.2495894175,4
ARRANCACEPAS,CUENCA,-2.360008776,40.30261316,1
ARROBA DE LOS MONTES,CIUDAD REAL,-4.5418851332,39.154035036,5
ARTEIXO,A CORUÑA,-8.49590110595527,43.3160561177368,380
ARZUA,A CORUÑA,-8.17255622249039,42.9242617140385,104
ASTORGA,LEON,-6.06666080984956,42.4582426127434,113
ASTURIANOS,ZAMORA,-6.46700511307143,42.0493967521429,14
ATANZON,GUADALAJARA,-2.9948509,40.66996623,2
AUÑON,GUADALAJARA,-2.7796839611875,40.49767581125,16
AVION,OURENSE,-8.2755856090625,42.3964213475,32
AYLLON,SEGOVIA,-3.36474296975,41.3922986075,32
AYOO DE VIDRIALES,ZAMORA,-6.07626408433333,42.12068271,6
AZUQUECA DE HENARES,GUADALAJARA,-3.2634700115,40.54594553,6
BAIONA,PONTEVEDRA,-8.84226245781177,42.1107683922353,85
BALBOA,LEON,-6.93157194545,42.711868264,20
BALEIRA,LUGO,-7.19647802174194,43.0063207364516,31
BALLESTEROS DE CALATRAVA,CIUDAD REAL,-3.94316724931579,38.8249993563158,19
BALTAR,OURENSE,-7.73929273503704,41.9387691848148,27
BAÑA A,A CORUÑA,-8.73774031328571,42.9538474945714,35
BANDE,OURENSE,-7.96890011830769,42.0157971246154,39
BAÑEZA LA,LEON,-5.90324427308965,42.2956347742759,145
BAÑOS DE MOLGAS,OURENSE,-7.68320022542857,42.2270803185714,35
BAÑOS DE TAJO,GUADALAJARA,-1.97189468,40.71690985,1
BARALLA,LUGO,-7.26576682846154,42.9005056312308,65
BARBADAS,OURENSE,-7.88947159150848,42.3119454025424,59
BARBOLLA,SEGOVIA,-3.65847828058333,41.3057588375,12
BARCO DE VALDEORRAS O,OURENSE,-6.98536740838346,42.4162231268421,133
BARGAS,TOLEDO,-4.07400657909524,39.9631799807143,42
BARJAS,LEON,-6.97788112925,42.6082190475,12
BARRIOPEDRO,GUADALAJARA,-2.751989359,40.78839498,1
BARRIOS DE LUNA LOS,LEON,-5.86209983808333,42.8538246883333,24
BARRO,PONTEVEDRA,-8.65123088067949,42.5204255144872,78
BASARDILLA,SEGOVIA,-4.01477865616667,41.0200838033333,6
BASCUÑANA DE SAN PEDRO,CUENCA,-2.23694467066667,40.2016139633333,3
BEADE,OURENSE,-8.12684723028571,42.3293464857143,7
BEAMUD,CUENCA,-1.8214802865,40.184853795,2
BEARIZ,OURENSE,-8.28461494733333,42.4800159405556,18
BECERREA,LUGO,-7.15195855771429,42.869874111039,77
BELMONTE DE TAJO,MADRID,-3.3357011298421,40.1348308673684,19
BEMBIBRE,LEON,-6.43132718519091,42.6209561442727,110
BENAVIDES,LEON,-5.90705106783333,42.510880398,30
BENUZA,LEON,-6.671841858,42.414941365,2
BERCIAL,SEGOVIA,-4.43052335342857,40.9044200028571,7
BERCIANOS DEL PARAMO,LEON,-5.68939809821739,42.353536803913,23
BERCIMUEL,SEGOVIA,-3.573531322,41.40105049,2
BERGONDO,A CORUÑA,-8.25373056465672,43.3081607385821,134
BERLANGA DEL BIERZO,LEON,-6.583000753,42.7343805557143,7
BERNARDOS,SEGOVIA,-4.34221004970833,41.1415803720833,24
BERNINCHES,GUADALAJARA,-2.834505773,40.55647118,4
BERNUY DE PORREROS,SEGOVIA,-4.116979115,40.9989114114286,14
BETANZOS,A CORUÑA,-8.21784900997561,43.2761166618699,123
BIENSERVIDA,ALBACETE,-2.63585934205882,38.5368610370588,17
BLANCOS OS,OURENSE,-7.75239732837931,41.9877402055172,29
BOBORAS,OURENSE,-8.16523900485965,42.4389610931579,57
BOCEGUILLAS,SEGOVIA,-3.62725448289474,41.3327080715789,19
BOIMORTO,A CORUÑA,-8.13769916785417,43.0107600133333,48
BOIRO,A CORUÑA,-8.88111561813187,42.6492568022527,182
BOLA A,OURENSE,-7.90220318313333,42.146080372,30
BOLAÑOS DE CALATRAVA,CIUDAD REAL,-3.65380947010106,38.9150619513298,188
BOLO O,OURENSE,-7.11262671528,42.2978150196,25
BONICHES,CUENCA,-1.61285648725,39.98084968,4
BOQUEIXON,A CORUÑA,-8.45483961467272,42.8242694905455,55
BOROX,TOLEDO,-3.71129975662857,40.0517798681429,140
BORRENES,LEON,-6.731027851,42.4860352266667,9
BOVEDA,LUGO,-7.49098660412195,42.6358274956098,41
BRAZATORTAS,CIUDAD REAL,-4.31932155935593,38.6250667174576,59
BRAZUELO,LEON,-6.12745692076923,42.4973472034615,26
BRIEVA,SEGOVIA,-4.05863800888889,41.0346695177778,9
BRIHUEGA,GUADALAJARA,-2.86128914866216,40.7462808452703,74
BRIME DE SOG,ZAMORA,-6.0428623355,42.059360055,2
BRION,A CORUÑA,-8.69621024827059,42.8495834538824,85
BUCIEGAS,CUENCA,-2.46385794533333,40.3379162333333,3
BUDIA,GUADALAJARA,-2.7655326962,40.666984913,10
BUENDIA,CUENCA,-2.76522454406667,40.3751991173333,15
BUEU,PONTEVEDRA,-8.78720573476136,42.3216098551136,88
BUSTILLO DEL PARAMO,LEON,-5.80432669758823,42.4408948276471,17
CABALLAR,SEGOVIA,-3.967231645,41.12461363,2
CABANA DE BERGANTIÑOS,A CORUÑA,-8.89359003567857,43.1998516494643,56
CABANAS,A CORUÑA,-8.14631562371429,43.4394933614286,21
CABAÑAS DE LA SAGRA,TOLEDO,-3.94809430680769,40.0084828623077,26
CABAÑAS DE POLENDOS,SEGOVIA,-4.1120424063,41.053665662,10
CABAÑAS DE YEPES,TOLEDO,-3.534314209125,39.89084360375,8
CABAÑAS RARAS,LEON,-6.62040157690625,42.6177497953125,32
CABANILLAS DEL CAMPO,GUADALAJARA,-3.216781138,40.60016119,1
CABEZAMESADA,TOLEDO,-3.11083671236842,39.8236127889474,19
CABEZARADOS,CIUDAD REAL,-4.29468290057143,38.8505114042857,7
CABEZARRUBIAS DEL PUERTO,CIUDAD REAL,-4.200612235,38.6105539775,12
CABEZUELA,SEGOVIA,-3.919416292,41.23892397,1
CABRILLANES,LEON,-6.09659701733333,42.9566839633333,3
CACABELOS,LEON,-6.72663905304,42.6059609626,50
CALABAZAS DE FUENTIDUEÑA,SEGOVIA,-4.009753651,41.44335678,1
CALDAS DE REIS,PONTEVEDRA,-8.65879112801667,42.6024637214167,120
CALVOS DE RANDIN,OURENSE,-7.86960988676,41.9426505056,25
CALZADA DE CALATRAVA,CIUDAD REAL,-3.76526860870796,38.6644895126549,113
CALZADILLA DE TERA,ZAMORA,-6.1098287194,41.984579746,5
CAMARENA,TOLEDO,-4.11575051112088,40.0929805140659,91
CAMARENILLA,TOLEDO,-4.07254292396875,40.0153030990625,32
CAMARIÑAS,A CORUÑA,-9.16473591218919,43.1389734643243,37
CAMARZANA DE TERA,ZAMORA,-6.048529099,42.017938545,2
CAMBADOS,PONTEVEDRA,-8.80267063307586,42.5137471635172,145
CAMBRE,A CORUÑA,-8.33383731602551,43.2960386242857,196
CAMPILLO DE DUEÑAS,GUADALAJARA,-1.684478966,40.88471942,1
CAMPILLOS  PARAVIENTOS,CUENCA,-1.54310267575,39.96763556,4
CAMPILLOS  SIERRA,CUENCA,-1.697912245,40.0993362,1
CAMPO DE CRIPTANA,CIUDAD REAL,-3.08856822924535,39.3536276075093,269
CAMPO DE SAN PEDRO,SEGOVIA,-3.5468405444,41.433379535,20
CAMPO LAMEIRO,PONTEVEDRA,-8.5370586204359,42.5381376125641,39
CAMPO REAL,MADRID,-3.37753978466667,40.3340579776543,81
CAMPONARAYA,LEON,-6.66960811255073,42.5757898130435,69
CAMPOS DEL PARAISO,CUENCA,-2.6657049762,40.05880205,5
CAMUÑAS,TOLEDO,-3.47185127947826,39.4282173569565,23
CAÑADA DE CALATRAVA,CIUDAD REAL,-4.01155567390909,38.8525538581818,11
CANALEJAS DEL ARROYO,CUENCA,-2.493018172,40.368620895,2
CAÑAMARES,CUENCA,-2.2298614045,40.443028958,10
CAÑAVERAS,CUENCA,-2.3911562558,40.360184646,5
CAÑAVERUELAS,CUENCA,-2.6346126705,40.397719165,2
CANDIN,LEON,-6.73898376070588,42.8224073994118,17
CAÑETE,CUENCA,-1.64304850188235,40.0465793158823,17
CANGAS,PONTEVEDRA,-8.7946857704899,42.2688128323738,198
CAÑIZA A,PONTEVEDRA,-8.28229516752336,42.2011095559813,107
CANREDONDO,GUADALAJARA,-2.490671942,40.7857445,2
CANTALEJO,SEGOVIA,-3.91971147307353,41.2584960920588,68
CANTIMPALOS,SEGOVIA,-4.1582172426087,41.0735628028261,46
CAPELA A,A CORUÑA,-8.05390656611111,43.4341031794444,18
CARABAÑA,MADRID,-3.24535566240741,40.2531521335185,54
CARACUEL DE CALATRAVA,CIUDAD REAL,-4.065045518375,38.83503827375,8
CARBALLEDA DE AVIA,OURENSE,-8.17861189992308,42.3280584153846,26
CARBALLEDA DE VALDEORRAS,OURENSE,-6.85362385279311,42.3708034477011,87
CARBALLEDO,LUGO,-7.80059511163235,42.5188473867647,68
CARBALLIÑO O,OURENSE,-8.07270332847102,42.4335994566667,138
CARBALLO,A CORUÑA,-8.68380162493461,43.2193419480769,260
CARBONERO EL MAYOR,SEGOVIA,-4.26751515065672,41.1252190165672,67
CARIÑO,A CORUÑA,-7.87713366969048,43.7302919023809,42
CARNOTA,A CORUÑA,-9.10652563028333,42.836735002,60
CARPIO DE TAJO EL,TOLEDO,-4.46720892375,39.853641615,4
CARRACEDELO,LEON,-6.72901692294595,42.5533904254054,74
CARRAL,A CORUÑA,-8.35477070461616,43.2236129193939,99
CARRANQUE,TOLEDO,-3.90482801236765,40.1710627054412,68
CARRASCAL DEL RIO,SEGOVIA,-3.8907071636,41.352034792,5
CARRION DE CALATRAVA,CIUDAD REAL,-3.82575936508955,39.018777650597,67
CARRIZO,LEON,-5.83825322645098,42.5782891241177,51
CARRIZOSA,CIUDAD REAL,-2.9888090673125,38.8327414,16
CARROCERA,LEON,-5.76777840122727,42.784583395,22
CARTELLE,OURENSE,-8.02826029198214,42.2336800380357,56
CARUCEDO,LEON,-6.79578593089474,42.4898762663158,19
CASARRUBIOS DEL MONTE,TOLEDO,-4.04858109553143,40.2055388017714,175
CASAS DE GARCIMOLINA,CUENCA,-1.4089709775,39.996606115,2
CASLA,SEGOVIA,-3.658312347,41.165244385,2
CASPUEÑAS,GUADALAJARA,-2.97746087681818,40.6936694590909,11
CASTEJON,CUENCA,-2.523957520625,40.37701236,8
CASTELLAR DE LA MUELA,GUADALAJARA,-1.760251046,40.81791918,1
CASTELLAR DE SANTIAGO,CIUDAD REAL,-3.357379962,38.63871879,1
CASTILFORTE,GUADALAJARA,-2.44850831,40.55808829,2
CASTILLEJO  SIERRA,CUENCA,-2.139564982,40.37408505,1
CASTILLEJO DE MESLEON,SEGOVIA,-3.59022460390476,41.2749987161905,21
CASTILLO  ALBARAÑEZ,CUENCA,-2.393337342,40.2985275,1
CASTILNUEVO,GUADALAJARA,-1.8619582834,40.807191932,5
CASTRELO DE MIÑO,OURENSE,-8.0648144422,42.298311997,30
CASTRELO DO VAL,OURENSE,-7.38187284690476,42.0132112238095,21
CASTRILLO DE CABRERA,LEON,-6.5494993881,42.334872383,10
CASTRILLO DE LA VALDUERNA,LEON,-6.149903587,42.32603747,6
CASTRO CALDELAS,OURENSE,-7.40207964578125,42.37211214625,32
CASTRO DE FUENTIDUEÑA,SEGOVIA,-3.8473258072,41.421560384,5
CASTROCALBON,LEON,-5.99109458725,42.1987623091667,12
CASTROCONTRIGO,LEON,-6.15411587726316,42.1989669252632,19
CASTROJIMENO,SEGOVIA,-3.848347125,41.39556202,1
CASTROPODAME,LEON,-6.43897128695,42.5908236035,20
CASTROSERNA DE ABAJO,SEGOVIA,-3.729931343,41.201532935,2
CASTROSERRACIN,SEGOVIA,-3.802404266,41.39430151,1
CASTROVERDE,LUGO,-7.33980415751613,43.0133849603226,62
CATOIRA,PONTEVEDRA,-8.72773605897368,42.6594068947368,38
CEBRONES DEL RIO,LEON,-5.84532112105556,42.2616199955555,18
CEDEIRA,A CORUÑA,-8.03082837726506,43.6605238619277,83
CEDILLO DE LA TORRE,SEGOVIA,-3.61004277066667,41.42589647,3
CEDILLO DEL CONDADO,TOLEDO,-3.9270937028427,40.1061027234832,89
CEE,A CORUÑA,-9.1923310171,42.9629092984445,90
CELANOVA,OURENSE,-7.9606427009375,42.1615506505,80
CENLLE,OURENSE,-8.07245372044828,42.3388122810345,29
CENTENERA,GUADALAJARA,-3.05319788783333,40.653769995,6
CERCEDA,A CORUÑA,-8.453894037125,43.1808964326563,64
CERDEDO,PONTEVEDRA,-8.39869994279545,42.5416400770455,44
CERDIDO,A CORUÑA,-7.96712529195238,43.6112031380952,21
CEREZO DE ABAJO,SEGOVIA,-3.59466624791667,41.2171228825,12
CEREZO DE ARRIBA,SEGOVIA,-3.51170455357143,41.2170968942857,7
CERNADILLA,ZAMORA,-6.41297363966667,42.01427268,9
CERVANTES,LUGO,-6.98651958103571,42.8326308425,56
CESURAS,A CORUÑA,-8.1957966984375,43.1719764,32
CHANDREXA DE QUEIXA,OURENSE,-7.38611557696774,42.2769133980645,31
CHANTADA,LUGO,-7.78758752242857,42.6094424668027,147
CHECA,GUADALAJARA,-1.79178406914286,40.5920481,7
CHEQUILLA,GUADALAJARA,-1.8182444505,40.6048473,2
CHILLARON DE CUENCA,CUENCA,-2.245093855,40.10859857,1
CHILLARON DEL REY,GUADALAJARA,-2.70786210058333,40.5802709441667,12
CHILLON,CIUDAD REAL,-4.87250323662857,38.7893827322857,35
CHILOECHES,GUADALAJARA,-3.19664794086735,40.5662585780612,98
CHINCHON,MADRID,-3.47601360359131,40.1618691452174,115
CHOZAS DE ABAJO,LEON,-5.68501444455263,42.4957867097368,38
CHOZAS DE CANALES,TOLEDO,-4.0409709502449,40.0960480967347,49
CIEMPOZUELOS,MADRID,-3.62610955617911,40.1550708501492,201
CIERVA LA,CUENCA,-1.85107899466667,40.05947428,3
CIFUENTES,GUADALAJARA,-2.61121131164583,40.7640756079167,48
CILLERUELO DE SAN MAMES,SEGOVIA,-3.56910399,41.429587205,2
CIMANES DEL TEJAR,LEON,-5.8060130224,42.6052057945,20
CIRUELOS,TOLEDO,-3.613581475125,39.94312090875,8
CIRUELOS DEL PINAR,GUADALAJARA,-2.219749846,41.008840925,2
CIUDAD REAL,CIUDAD REAL,-3.93468398890753,38.9880995219178,876
COBEJA,TOLEDO,-3.8571106763125,40.0215748978125,32
COBETA,GUADALAJARA,-2.14049353,40.86385768,1
COBOS DE FUENTIDUEÑA,SEGOVIA,-3.9309699985,41.37955181,2
COBREROS,ZAMORA,-6.68404415571429,42.0616562207143,28
COCA,SEGOVIA,-4.52362545934146,41.2047382587805,41
CODORNIZ,SEGOVIA,-4.61584687288889,41.0528315405556,18
COGOLLOR,GUADALAJARA,-2.7404841325,40.851191055,2
COIROS,A CORUÑA,-8.14396408259459,43.241800187027,37
COLES,OURENSE,-7.83457689170312,42.4028046542188,64
COLLADO HERMOSO,SEGOVIA,-3.9166805715,41.0350855266667,6
COLMENAR DE OREJA,MADRID,-3.4535261554381,40.0810963271429,105
CONDADO DE CASTILNOVO,SEGOVIA,-3.7532156475,41.2436427725,8
CONGOSTO,LEON,-6.52305663496667,42.5936347566667,30
CONQUISTA,CORDOBA,-4.50370379655556,38.4226355922222,9
CONSUEGRA,TOLEDO,-3.62286752978509,39.4637028362719,228
COOMONTE,ZAMORA,-5.817137565,42.1139354,2
CORCUBION,A CORUÑA,-9.1952795635,42.9370082464286,14
CORDUENTE,GUADALAJARA,-1.99445263060714,40.8390642725,28
CORGO O,LUGO,-7.43559691254945,42.9337836298901,91
CORISTANCO,A CORUÑA,-8.77008703662195,43.1678700631708,82
CORPA,MADRID,-3.26474485585714,40.4222676657143,7
CORRAL DE ALMAGUER,TOLEDO,-3.1815624900708,39.7620097400885,113
CORRAL DE AYLLON,SEGOVIA,-3.46330611266667,41.3983320933333,3
CORRAL DE CALATRAVA,CIUDAD REAL,-4.08020306223077,38.8707821402564,39
CORTEGADA,OURENSE,-8.15458975880953,42.2029807514286,21
CORTIJOS LOS,CIUDAD REAL,-4.05063132877778,39.3215483016667,18
CORULLON,LEON,-6.82414171547826,42.5748372008696,23
CORUÑA A,A CORUÑA,-8.41138816347408,43.3533608501422,1196
COSLADA,MADRID,-3.55100333084726,40.4287826683285,347
COTOBADE,PONTEVEDRA,-8.52146320430952,42.4835382683333,42
COVELO,PONTEVEDRA,-8.336383846,42.24578128,7
COZAR,CIUDAD REAL,-3.09491664476923,38.6615767176923,26
COZUELOS DE FUENTIDUEÑA,SEGOVIA,-4.097290278,41.38982425,1
CRECENTE,PONTEVEDRA,-8.2211252202439,42.1667454953659,41
CUALEDRO,OURENSE,-7.5856074412069,41.9700404627586,29
CUBILLO,SEGOVIA,-3.9312661375,41.104870515,4
CUBILLOS DEL SIL,LEON,-6.58288804305556,42.62891953,54
CUBO DE BENAVENTE,ZAMORA,-6.17842280766667,42.1236903566667,3
CUELLAR,SEGOVIA,-4.31653048140887,41.391001474335,203
CUENCA,CUENCA,-2.0461510484,40.18362225,10
CUEVAS DE PROVANCO,SEGOVIA,-3.96000162266667,41.5362060433333,3
CULLEREDO,A CORUÑA,-8.38604049812547,43.3004642871587,271
CUNTIS,PONTEVEDRA,-8.57139536855556,42.6400927244444,36
CURTIS,A CORUÑA,-8.05662746624211,43.1349274655789,95
DAIMIEL,CIUDAD REAL,-3.61229372550435,39.0708928322435,575
DESTRIANA,LEON,-6.08100489890909,42.3238424754545,11
DODRO,A CORUÑA,-8.70712399909091,42.7205467087879,33
DOMINGO GARCIA,SEGOVIA,-4.40077345125,41.1281298275,4
DONHIERRO,SEGOVIA,-4.692294153875,41.109310586875,16
DOSBARRIOS,TOLEDO,-3.48079667448485,39.8775569636364,33
DOZON,PONTEVEDRA,-8.04315620956,42.593678286,50
DRIEBES,GUADALAJARA,-3.02919468326667,40.236249136,15
DUMBRIA,A CORUÑA,-9.09419953833928,42.9859290989286,56
DURON,GUADALAJARA,-2.71980782585714,40.6132878264286,14
DURUELO,SEGOVIA,-3.64862207026316,41.2265240242105,19
EMBID,GUADALAJARA,-1.711120704,40.963581405,2
ENCINAS,SEGOVIA,-3.668638178,41.37390309,1
ENCINEDO,LEON,-6.63385132530769,42.2753462546154,26
ENCINILLAS,SEGOVIA,-4.15944515336364,41.0129059872727,11
ENTRIMO,OURENSE,-8.12783860266667,41.92991413625,24
ESCALONA,TOLEDO,-4.40104663139048,40.1548217208572,105
ESCALONA DEL PRADO,SEGOVIA,-4.12062460507407,41.1645628237037,27
ESCAMILLA,GUADALAJARA,-2.5661355005,40.55657093,2
ESCARABAJOSA DE CABEZAS,SEGOVIA,-4.19785246159091,41.1033749895455,22
ESCARICHE,GUADALAJARA,-3.048362879,40.400618325,4
ESCOBAR DE POLENDOS,SEGOVIA,-4.12248094031818,41.0899610154545,22
ESCOPETE,GUADALAJARA,-3.0000814385,40.4185530666667,6
ESGOS,OURENSE,-7.70050993548,42.32989999,25
ESPADAÑEDO,ZAMORA,-6.408488024,42.1199619614286,7
ESPINAR EL,SEGOVIA,-4.22375990980303,40.733914939798,198
ESPIRDO,SEGOVIA,-4.07141698391304,40.9926173573913,46
ESPLEGARES,GUADALAJARA,-2.3774560615,40.85407748,2
ESQUIVIAS,TOLEDO,-3.76744604863529,40.1028447314118,85
ESTABLES,GUADALAJARA,-2.01476518733333,41.0185253133333,3
ESTRADA A,PONTEVEDRA,-8.46630931539426,42.6973692750179,279
FABERO,LEON,-6.62481373277143,42.7730627051429,35
FENE,A CORUÑA,-8.17142579321698,43.462922340283,106
FERNAN CABALLERO,CIUDAD REAL,-3.9196588105,39.1246654832,50
FERRERAS DE ARRIBA,ZAMORA,-6.197028691,41.914816715,4
FERROL,A CORUÑA,-8.23445870976275,43.4922388150511,392
FISTERRA,A CORUÑA,-9.26289632213953,42.9222707858139,43
FOLGOSO DE LA RIBERA,LEON,-6.3371576225,42.6331209472222,18
FOLGOSO DO COUREL,LUGO,-7.1701081652619,42.6190763869047,42
FONSAGRADA A,LUGO,-7.026932784,43.0280146,1
FONTANAREJO,CIUDAD REAL,-4.52062409225,39.213331425,4
FORCAREI,PONTEVEDRA,-8.33065667359091,42.5699396193182,88
FORNELOS DE MONTES,PONTEVEDRA,-8.491403682,42.34584686,1
FRADES,A CORUÑA,-8.26159767,43.0269879211538,26
FRESNEDA DE LA SIERRA,CUENCA,-2.146140424,40.39676569,2
FRESNO DE CANTESPINO,SEGOVIA,-3.50143767034615,41.3552297096154,26
FRESNO DE LA FUENTE,SEGOVIA,-3.64292085728571,41.39342242,7
FRIOL,LUGO,-7.81396120873529,43.0364769554902,102
FRONTERA LA,CUENCA,-2.21688692266667,40.40769313,3
FRUMALES,SEGOVIA,-4.1898426796,41.380124884,5
FUEMBELLIDA,GUADALAJARA,-1.999248336,40.75518956,1
FUENCALIENTE,CIUDAD REAL,-4.473538503,38.47038287,1
FUENLLANA,CIUDAD REAL,-2.9639279665,38.7640476175,4
FUENSALIDA,TOLEDO,-4.20538493644445,40.052839164269,171
FUENTE DE SANTA CRUZ,SEGOVIA,-4.6337078285,41.2130316983333,6
FUENTE EL FRESNO,CIUDAD REAL,-3.8071808926579,39.2393243776316,76
FUENTE EL OLMO DE FUENTIDUEÑA,SEGOVIA,-3.99161537146667,41.382293498,15
FUENTE ENCALADA,ZAMORA,-5.994198624,42.10987815,1
FUENTELENCINA,GUADALAJARA,-2.8754345865,40.5265237833333,6
FUENTELESPINO DE MOYA,CUENCA,-1.46624739533333,39.9226335666667,3
FUENTELSAZ,GUADALAJARA,-1.8309339215,41.073218195,2
FUENTELVIEJO,GUADALAJARA,-2.9974976654,40.52713031,5
FUENTENAVA DE JABAGA,CUENCA,-2.27701939221739,40.1139896217391,23
FUENTENOVILLA,GUADALAJARA,-3.11036654553846,40.3683150446154,13
FUENTEPIÑEL,SEGOVIA,-4.04207366033333,41.39864946,3
FUENTERREBOLLO,SEGOVIA,-3.92855979866667,41.2918425683333,6
FUENTESAUCO DE FUENTIDUEÑA,SEGOVIA,-4.07015869514286,41.4233198314286,14
FUENTESOTO,SEGOVIA,-3.90628400128571,41.4416905957143,7
FUENTIDUEÑA,SEGOVIA,-3.97683502933333,41.4401649844444,9
GALENDE,ZAMORA,-6.68510051346153,42.1116133858974,39
GALLEGOS,SEGOVIA,-3.788527966,41.07272819,1
GARABALLA,CUENCA,-1.38368814933333,39.8301102733333,3
GARCILLAN,SEGOVIA,-4.27024732458824,40.9829827894118,17
GARCIOTUM,TOLEDO,-4.627116226,40.10265413,2
GASCUEÑA,CUENCA,-2.3352715475,40.2109841183333,6
GETAFE,MADRID,-3.67354236074619,40.3134139096447,197
GOMESENDE,OURENSE,-8.10127995568421,42.1833721063158,19
GOMEZSERRACIN,SEGOVIA,-4.29363598833333,41.28836092,6
GONDOMAR,PONTEVEDRA,-8.74972871534736,42.1230445489474,95
GRAJA DE CAMPALBO,CUENCA,-1.28336562166667,39.8962438133333,6
GRAJERA,SEGOVIA,-3.61622089525,41.3724233333333,12
GRANATULA DE CALATRAVA,CIUDAD REAL,-3.70894060641667,38.776608005625,48
GROVE O,PONTEVEDRA,-8.87908530973636,42.4821352049091,110
GUADALAJARA,GUADALAJARA,-3.16051346250636,40.6304537393639,393
GUADALMEZ,CIUDAD REAL,-4.96520717325,38.715384935,16
GUARDA A,PONTEVEDRA,-8.864677692,41.9002061820987,81
GUARDIA LA,TOLEDO,-3.52148527344898,39.7867545263265,49
GUDIÑA A,OURENSE,-7.15747909140625,42.0473208390625,32
GUITIRIZ,LUGO,-7.8819030542985,43.2133498265672,67
GUNTIN,LUGO,-7.66466120555385,42.9017704698462,65
HELECHOSA DE LOS MONTES,BADAJOZ,-4.7909238112,39.333559514,5
HENAREJOS,CUENCA,-1.4934672065,39.86217345,2
HENCHE,GUADALAJARA,-2.704348253,40.71246034,2
HERENCIA,CIUDAD REAL,-3.36084434348,39.3096709881,200
HERMISENDE,ZAMORA,-6.903233787625,41.98312413125,8
HERRERIA,GUADALAJARA,-1.95357806733333,40.8869734633333,3
HINOJOSAS DE CALATRAVA,CIUDAD REAL,-4.14130934755556,38.6096138355556,9
HOMBRADOS,GUADALAJARA,-1.685223702,40.80047677,1
HONTALBILLA,SEGOVIA,-4.10482458863636,41.3396431745455,11
HONTANARES DE ERESMA,SEGOVIA,-4.20499514645,40.982414794,20
HONTOBA,GUADALAJARA,-3.02582050868421,40.4585175205263,19
HORCAJO DE LOS MONTES,CIUDAD REAL,-4.66251647715385,39.3276254023077,26
HORCHE,GUADALAJARA,-3.06589721311765,40.5715292282353,17
HORTEZUELA DE OCEN,GUADALAJARA,-2.414896624,40.95227894,1
HOSPITAL DE ORBIGO,LEON,-5.879695747,42.4600809045,20
HUECAS,TOLEDO,-4.19721401302564,40.0225170858974,39
HUELAMO,CUENCA,-1.804046484,40.29006373,3
HUERGUINA,CUENCA,-1.6100822565,40.037290535,2
HUERTA DE LA OBISPALIA,CUENCA,-2.4740881625,39.9925045383333,6
HUERTA DE VALDECARABANOS,TOLEDO,-3.61609708583333,39.85704479375,24
HUERTA DEL MARQUESADO,CUENCA,-1.6945626986,40.141372558,5
HUERTAHERNANDO,GUADALAJARA,-2.285997256,40.82365071,1
HUERTOS LOS,SEGOVIA,-4.216889512,41.0066368775,4
HUETE,CUENCA,-2.61110871504,40.1622680108,25
HUEVA,GUADALAJARA,-2.969538044,40.4534649983333,6
IGUEÑA,LEON,-6.23139445716667,42.7163809466667,18
ILLANA,GUADALAJARA,-2.98905044395455,40.1807778486364,22
ILLESCAS,TOLEDO,-3.83950837841189,40.137826688259,471
INCIO O,LUGO,-7.37528786526984,42.6771295365079,63
INIESTOLA,GUADALAJARA,-2.369833341,40.9934316,1
INVIERNAS LAS,GUADALAJARA,-2.669726142,40.87211545,1
IRIXO O,OURENSE,-8.13259836828,42.5104474816,50
IRIXOA,A CORUÑA,-8.07843098796774,43.28457365,31
ITUERO Y LAMA,SEGOVIA,-4.37013360084211,40.7835941315789,19
JUARROS DE RIOMOROS,SEGOVIA,-4.316745064,40.9446195233333,6
JUARROS DE VOLTOYA,SEGOVIA,-4.5133041776,41.03033469,5
JUSTEL,ZAMORA,-6.269142858,42.1469020433333,3
LABAJOS,SEGOVIA,-4.52373616025,40.84841787375,8
LABORES LAS,CIUDAD REAL,-3.50695015024138,39.2282929010345,29
LAGUNA DALGA,LEON,-5.746895523,42.3183650428571,14
LAGUNA DE CONTRERAS,SEGOVIA,-4.02088658366667,41.4908940016667,6
LAGUNA DE NEGRILLOS,LEON,-5.65804165440384,42.2360385921154,52
LAGUNA DEL MARQUESADO,CUENCA,-1.671841236,40.17629902,1
LALIN,PONTEVEDRA,-8.12696860713773,42.6683912715868,334
LAMA A,PONTEVEDRA,-8.36975768541667,42.419669625,12
LANCARA,LUGO,-7.34942204343104,42.8497371618965,58
LANDETE,CUENCA,-1.35941187133333,39.9085216683333,24
LANGUILLA,SEGOVIA,-3.422744031,41.4408203575,4
LARACHA A,A CORUÑA,-8.60809950883333,43.2906336075,12
LAROUCO,OURENSE,-7.1582408556,42.348955124,10
LASTRAS DEL POZO,SEGOVIA,-4.32258435708333,40.888781815,12
LASTRILLA LA,SEGOVIA,-4.098245978875,40.96545572625,56
LAXE,A CORUÑA,-9.00744573434615,43.2045070861538,26
LAZA,OURENSE,-7.46277184078571,42.0770541107143,28
LEGANIEL,CUENCA,-2.9988867525,40.206445665,2
LEIRO,OURENSE,-8.14123120376471,42.3662415367647,34
LILLO,TOLEDO,-3.31228661236364,39.7222428357576,33
LLAMAS DE LA RIBERA,LEON,-5.83632371205556,42.6341003422222,18
LLANOS DEL CAUDILLO,CIUDAD REAL,-3.35177878397222,39.1147535316667,36
LOBEIRA,OURENSE,-8.03876062326087,41.9816253804348,23
LOBIOS,OURENSE,-8.08354896425,41.8970828635,40
LOECHES,MADRID,-3.4166320113743,40.3920466705028,179
LOMINCHAR,TOLEDO,-3.96945521354237,40.0883029262712,59
LORANCA DE TAJUÑA,GUADALAJARA,-3.11332089081818,40.4436380363636,11
LOSA LA,SEGOVIA,-4.15733185892308,40.8503088269231,13
LOUSAME,A CORUÑA,-8.83753075542308,42.7714070026923,52
LUBIAN,ZAMORA,-6.895234624,42.0367826842857,21
LUCIANA,CIUDAD REAL,-4.34390567165217,38.9963081608696,23
LUCILLO,LEON,-6.3532629091,42.395473347,10
LUGO,LUGO,-7.49310006604,42.9891001128,25
LUPIANA,GUADALAJARA,-3.062878756,40.60228167875,8
LUYEGO,LEON,-6.217909089,42.3389290021428,14
LUZAGA,GUADALAJARA,-2.44132640275,40.9760750175,4
LUZON,GUADALAJARA,-2.27856893,41.02708766,1
MACEDA,OURENSE,-7.63105169892424,42.2679558612121,66
MADERUELO,SEGOVIA,-3.53384183125,41.4954330875,8
MADRID,MADRID,-3.64803754563982,40.4194960448582,6980
MADRIDEJOS,TOLEDO,-3.53142958737037,39.4828720221693,189
MAGAZ DE CEPEDA,LEON,-6.088000369,42.574661535,2
MAIRE DE CASTROPONCE,ZAMORA,-5.78548946425,42.10978336,4
MAJADAS LAS,CUENCA,-2.008465992,40.298211674,5
MALAGON,CIUDAD REAL,-3.88401789471875,39.181975832125,160
MALPICA DE BERGANTIÑOS,A CORUÑA,-8.80931584981428,43.3001807474286,70
MAÑON,A CORUÑA,-7.72012963827586,43.6874134472414,29
MANTIEL,GUADALAJARA,-2.6749718035,40.62059527,2
MANZANAL DE ARRIBA,ZAMORA,-6.4448907551,41.970183808,10
MANZANAL DE LOS INFANTES,ZAMORA,-6.365787173125,42.06514379375,8
MANZANARES,CIUDAD REAL,-3.37301219693473,39.033122644965,429
MANZANEDA,OURENSE,-7.201267184875,42.2833865429167,24
MANZANEQUE,TOLEDO,-3.7872345781579,39.6397113263158,19
MARANCHON,GUADALAJARA,-2.16079988107692,41.0529005023077,13
MARAZOLEJA,SEGOVIA,-4.3413129906,40.94690216,5
MARAZUELA,SEGOVIA,-4.3483001865,40.97283649,2
MARIANA,CUENCA,-2.11829461746154,40.1728810938461,13
MARIN,PONTEVEDRA,-8.70654434831852,42.3800496457037,135
MARJALIZA,TOLEDO,-3.95491056469231,39.5590917515385,13
MARTIN MIGUEL,SEGOVIA,-4.27613853616667,40.9491640483333,6
MARTIN MUÑOZ DE LA DEHESA,SEGOVIA,-4.692939942,41.0680457726087,23
MARTIN MUÑOZ DE LAS POSADAS,SEGOVIA,-4.60191374133333,40.987696488,15
MARUGAN,SEGOVIA,-4.38777687641667,40.8797970620833,24
MASCARAQUE,TOLEDO,-3.82707207,39.68205259,1
MASEGOSO DE TAJUÑA,GUADALAJARA,-2.6934910634,40.824576114,5
MASIDE,OURENSE,-8.02481338266667,42.4163834172917,48
MATABUENA,SEGOVIA,-3.757616355,41.09873817,3
MATILLA LA,SEGOVIA,-3.8102139843,41.179882806,10
MAZARETE,GUADALAJARA,-2.177310313125,40.9784435925,8
MAZARICOS,A CORUÑA,-8.99187975591765,42.9279190972941,85
MAZUECOS,GUADALAJARA,-3.00328011714286,40.2611869757143,7
MEAÑO,PONTEVEDRA,-8.79673352381538,42.4551018066154,65
MEDINACELI,SORIA,-2.43522287435,41.16083232325,40
MEGINA,GUADALAJARA,-1.868345258,40.6387835,1
MEIS,PONTEVEDRA,-8.71811649742254,42.5113793316901,71
MEJORADA DEL CAMPO,MADRID,-3.48501589784,40.3902104874286,175
MELIDE,A CORUÑA,-8.02307741872222,42.9227345334722,72
MELON,OURENSE,-8.16293227,42.27588293,1
MELQUE DE CERCOS,SEGOVIA,-4.4788204375,41.06069836,2
MEMBIBRE DE LA HOZ,SEGOVIA,-4.091686054,41.44787697,3
MEMBRILLA,CIUDAD REAL,-3.33722550230645,38.9412025864516,62
MENTRIDA,TOLEDO,-4.19166159879012,40.238082982716,81
MERCA A,OURENSE,-7.90131849854546,42.2114886195455,44
MESIA,A CORUÑA,-8.21678652061539,43.0982104133333,39
MESTANZA,CIUDAD REAL,-3.99334781969231,38.4925079025641,39
MEZQUITA A,OURENSE,-7.02873359310526,42.0209019947368,19
MIGUELAÑEZ,SEGOVIA,-4.39263339214286,41.1262879014286,7
MIGUELTURRA,CIUDAD REAL,-3.88723662133831,38.9674448053234,201
MILLANA,GUADALAJARA,-2.58192362975,40.5081894825,4
MILMARCOS,GUADALAJARA,-1.87111100133333,41.0832677933333,3
MIÑO,A CORUÑA,-8.19604619737931,43.357573975977,87
MIÑO DE MEDINACELI,SORIA,-2.525709582375,41.18956147625,8
MOAÑA,PONTEVEDRA,-8.723659458375,42.2875392480469,128
MOCHALES,GUADALAJARA,-2.19025919633333,40.8856668366667,3
MOECHE,A CORUÑA,-7.98474934644444,43.5636296181481,27
MOLEZUELAS DE LA CARBALLEDA,ZAMORA,-6.1830664755,42.083581895,2
MOLINA DE ARAGON,GUADALAJARA,-1.87531450163636,40.844026372,55
MOLINASECA,LEON,-6.49973149157895,42.5351462884211,19
MOMBUEY,ZAMORA,-6.330264998625,42.014880816875,16
MONFERO,A CORUÑA,-8.0115614460339,43.3478498501695,59
MONFORTE DE LEMOS,LUGO,-7.51407354823383,42.5279359116418,201
MONTEDERRAMO,OURENSE,-7.52171192184783,42.2981833963044,46
MONTEJO DE AREVALO,SEGOVIA,-4.66813297554546,41.1418753681818,11
MONTEJO DE LA VEGA DE LA SERREZUELA,SEGOVIA,-3.65446081125,41.54623644,4
MONTERREI,OURENSE,-7.50649530288235,41.9399986917647,34
MONTERROSO,LUGO,-7.81466373857317,42.8096486530488,82
MONTERRUBIO,SEGOVIA,-4.32327705155555,40.8595393988889,9
MONTIEL,CIUDAD REAL,-2.96380914742308,38.7071146473077,26
MORA,TOLEDO,-3.77247360159459,39.6916021078378,148
MORAL DE CALATRAVA,CIUDAD REAL,-3.5851383651282,38.8114499823077,78
MORAL DE HORNUEZ,SEGOVIA,-3.6182698575,41.46333993,2
MORAÑA,PONTEVEDRA,-8.58473140470909,42.5783577765455,55
MORATA DE TAJUÑA,MADRID,-3.4408012761,40.22775690175,80
MORATILLA DE LOS MELEROS,GUADALAJARA,-2.95245439233333,40.504975135,6
MORENILLA,GUADALAJARA,-1.7191477165,40.795735335,2
MOS,PONTEVEDRA,-8.6319113134715,42.1990883663212,193
MOYA,CUENCA,-1.37442459266667,39.9509688322222,9
MOZONCILLO,SEGOVIA,-4.18623146472222,41.1416363677778,36
MUELAS DE LOS CABALLEROS,ZAMORA,-6.348100236,42.1222336075,4
MUGARDOS,A CORUÑA,-8.24387274493617,43.4535495244681,47
MUIÑOS,OURENSE,-7.96076259139024,41.9536056958537,41
MUÑOPEDRO,SEGOVIA,-4.4757512989375,40.87759528125,16
MUÑOVEROS,SEGOVIA,-3.967785008,41.1700259228571,7
MURIAS DE PAREDES,LEON,-6.17560239173333,42.8343215793333,15
MUROS,A CORUÑA,-9.0386736333656,42.7865726024731,93
MUXIA,A CORUÑA,-9.19451247790244,43.0632995187805,82
NARON,A CORUÑA,-8.19135413831974,43.5148214727586,319
NAVA DE LA ASUNCION,SEGOVIA,-4.48434029995385,41.1491955087692,65
NAVAFRIA,SEGOVIA,-3.81908074136364,41.0506572672727,11
NAVALILLA,SEGOVIA,-3.941566175,41.35410775,4
NAVALMANZANO,SEGOVIA,-4.2566973785,41.229740755,2
NAVALPINO,CIUDAD REAL,-4.61993008807143,39.2655409264286,14
NAVARES DE AYUSO,SEGOVIA,-3.6996856946,41.36862696,5
NAVARES DE ENMEDIO,SEGOVIA,-3.728680287,41.3828871933333,3
NAVARES DE LAS CUEVAS,SEGOVIA,-3.750876876,41.41288403,1
NAVAS DE ESTENA,CIUDAD REAL,-4.54158604538462,39.4918009923077,13
NAVAS DE ORO,SEGOVIA,-4.431930508275,41.196313764,40
NAVAS DE RIOFRIO,SEGOVIA,-4.13977725270588,40.8615650976471,17
NAVAS DE SAN ANTONIO,SEGOVIA,-4.33172311773684,40.7585088842105,19
NAVIA DE SUARNA,LUGO,-6.98960810291667,42.9581693645,60
NEDA,A CORUÑA,-8.14135131005556,43.4995867772222,36
NEGREIRA,A CORUÑA,-8.78107751953637,42.9096974331818,110
NEVES AS,PONTEVEDRA,-8.40930547420455,42.1124039293182,44
NIEVA,SEGOVIA,-4.43048149116667,41.0842724475,12
NIGRAN,PONTEVEDRA,-8.8022189993007,42.1392458885315,143
NOBLEJAS,TOLEDO,-3.43097990169136,39.9861055007407,81
NOCEDA DEL BIERZO,LEON,-6.40433834933333,42.697637434,15
NOGAIS AS,LUGO,-7.10091217153488,42.7764356660465,43
NOGUEIRA DE RAMUIN,OURENSE,-7.72175590569492,42.3990626042373,59
NOIA,A CORUÑA,-8.88415153814953,42.7882623463551,107
NOMBELA,TOLEDO,-4.51081796111111,40.14942246,18
NUEVO BAZTAN,MADRID,-3.25683464374419,40.3624913523256,43
NUMANCIA DE LA SAGRA,TOLEDO,-3.8500491276087,40.0792819829348,92
NUÑO GOMEZ,TOLEDO,-4.61582545625,40.11636633,4
OCAÑA,TOLEDO,-3.50870050043802,39.9549216571488,242
OCENTEJO,GUADALAJARA,-2.398249833,40.77026548,1
OENCIA,LEON,-6.98263026123077,42.5451578938462,13
OIA,PONTEVEDRA,-8.86475405893182,42.0334033804546,44
OIMBRA,OURENSE,-7.48398858966667,41.8802596395833,24
OLEIROS,A CORUÑA,-8.34420678170196,43.338543516902,255
OLIVAR EL,GUADALAJARA,-2.73703578,40.602467955,2
OLMEDA DE COBETA,GUADALAJARA,-2.19342790666667,40.84689825,3
OLMEDA DE LA CUESTA,CUENCA,-2.4780915855,40.31328385,2
OLMEDA DE LAS FUENTES,MADRID,-3.20343169555556,40.3627984322222,9
OLMEDILLA DE ELIZ,CUENCA,-2.419652003,40.30308593,1
OLOMBRADA,SEGOVIA,-4.16789542571428,41.4012304871429,21
OMAÑAS LAS,LEON,-5.85245816357143,42.6758894285714,7
ONTIGOLA,TOLEDO,-3.58107203061745,39.9928632281208,149
ONZONILLA,LEON,-5.610734541,42.49368976,1
ORDES,A CORUÑA,-8.40493790715894,43.0874254731126,151
OREA,GUADALAJARA,-1.72470416916667,40.54270651,6
OREJANA,SEGOVIA,-3.777545819375,41.15656797,8
ORGAZ,TOLEDO,-3.89539041478495,39.638954614086,93
OROSO,A CORUÑA,-8.4243655503375,42.98640028175,80
ORTIGOSA DE PESTAÑO,SEGOVIA,-4.39083608775,41.08252284,4
ORTIGOSA DEL MONTE,SEGOVIA,-4.17058210288235,40.83540221,17
ORTIGUEIRA,A CORUÑA,-7.8313062856279,43.6672133331008,129
ORUSCO DE TAJUÑA,MADRID,-3.20685441592,40.2833748944,25
OSSA DE MONTIEL,ALBACETE,-2.8588874375,38.95685937,2
OTERO DE BODAS,ZAMORA,-6.19917284542857,41.9517570571429,7
OTERO DE HERREROS,SEGOVIA,-4.20971518025,40.8127440563889,36
OURENSE,OURENSE,-7.87327746746742,42.3417845977281,537
OUTES,A CORUÑA,-8.9193376496,42.839759848,95
OZA DOS RIOS,A CORUÑA,-8.17253120619298,43.2091022668421,57
PADERNE,A CORUÑA,-8.17155470615385,43.3013310873077,26
PADERNE DE ALLARIZ,OURENSE,-7.74382273343334,42.2794488426667,30
PADRENDA,OURENSE,-8.18270534835714,42.1505330642857,14
PADRON,A CORUÑA,-8.64507729581905,42.7532997227619,105
PAJAREJOS,SEGOVIA,-3.598579019,41.39315099,2
PALACIOS DE LA VALDUERNA,LEON,-5.94830989155556,42.3124815066667,9
PALACIOS DE SANABRIA,ZAMORA,-6.550051944,42.05735139,8
PALACIOS DEL SIL,LEON,-6.42191910423077,42.8656419976923,13
PALAS DE REI,LUGO,-7.87691631127722,42.8876936567327,101
PALAZUELOS DE ERESMA,SEGOVIA,-4.06219951044086,40.9226984490323,93
PALOMEQUE,TOLEDO,-3.96693329278947,40.1253373307895,38
PANTOJA,TOLEDO,-3.83497928755224,40.0391133801493,67
PANTON,LUGO,-7.64503191138806,42.5059813067164,67
PARADA DE SIL,OURENSE,-7.549487067375,42.3624040175,32
PARADELA,LUGO,-7.57442486031579,42.7478152161404,57
PARAMO DEL SIL,LEON,-6.51684903925,42.8095921725,32
PARAMO O,LUGO,-7.52863220669697,42.8258591072727,33
PARDOS,GUADALAJARA,-1.924116123,40.9476449,1
PAREDES DE ESCALONA,TOLEDO,-4.42858919857143,40.20625257,7
PAREJA,GUADALAJARA,-2.68861421614815,40.5471984518518,27
PASTRANA,GUADALAJARA,-2.92309034289286,40.4077271667857,28
PAZOS DE BORBEN,PONTEVEDRA,-8.572641556625,42.266746940625,16
PEDRAFITA DO CEBREIRO,LUGO,-7.07104165694737,42.6973419681579,38
PEDRALBA DE LA PRADERIA,ZAMORA,-6.683417475,41.983304945,6
PEDRAZA,SEGOVIA,-3.8079555966,41.1337906573333,15
PEDREGAL EL,GUADALAJARA,-1.5799622395,40.777437025,2
PEDRO MUÑOZ,CIUDAD REAL,-2.94652441464444,39.3945891907407,135
PELAHUSTAN,TOLEDO,-4.59409880877778,40.1721716288889,9
PELAYOS DEL ARROYO,SEGOVIA,-3.962656674,41.053778618,5
PEÑALVER,GUADALAJARA,-2.90077787,40.55715585,2
PEQUE,ZAMORA,-6.274840714,42.07056152,1
PERALEJA LA,CUENCA,-2.5540345845,40.2362015016667,6
PERALEJOS DE LAS TRUCHAS,GUADALAJARA,-1.91216663614286,40.5786592471429,7
PERALES DE TAJUÑA,MADRID,-3.35523771984314,40.2306529588235,51
PERALVECHE,GUADALAJARA,-2.479194272,40.615426995,2
PERANZANES,LEON,-6.63181212816667,42.8641388316667,6
PEREIRO DE AGUIAR O,OURENSE,-7.79210292497248,42.3371008263303,109
PEROSILLO,SEGOVIA,-4.142431051,41.39169553,1
PEROXA A,OURENSE,-7.79188605897778,42.44889616,45
PETIN,OURENSE,-7.10888689994118,42.3714056517647,17
PEZUELA DE LAS TORRES,MADRID,-3.16048661728571,40.4074172038095,21
PIAS,ZAMORA,-6.99872437516667,42.0812402416667,6
PICON,CIUDAD REAL,-4.05950629542857,39.0553298428571,21
PIEDRABUENA,CIUDAD REAL,-4.21340681142748,39.0463544374046,131
PINAREJOS,SEGOVIA,-4.28340890883333,41.2569801458333,12
PINARNEGRILLO,SEGOVIA,-4.200921547,41.1950328233333,3
PINEDA DE GIGUELA,CUENCA,-2.540304247,40.08320366,2
PINILLA DE MOLINA,GUADALAJARA,-1.887860241,40.6800975,2
PINO O,A CORUÑA,-8.27586819483333,42.9599485208333,24
PIÑOR,OURENSE,-8.00642659540476,42.5100206335714,42
PINTO,MADRID,-3.68080065530693,40.259774749703,101
PIOZ,GUADALAJARA,-3.16263065866667,40.4600517816667,6
PIQUERAS,GUADALAJARA,-1.722108651,40.6630357,1
POBLADURA DE PELAYO GARCIA,LEON,-5.682232554625,42.3014310908333,24
POBLADURA DEL VALLE,ZAMORA,-5.74083702122222,42.1006613133333,9
POBLETE,CIUDAD REAL,-3.97970477007843,38.9348891645098,51
POBO DE DUEÑAS EL,GUADALAJARA,-1.638570973,40.779344064,5
POBRA DE TRIVES A,OURENSE,-7.26707432075,42.3341078511111,36
POBRA DO BROLLON A,LUGO,-7.37770644274074,42.5583544896296,54
POBRA DO CARAMIÑAL A,A CORUÑA,-8.94511147429787,42.6065016838298,94
POIO,PONTEVEDRA,-8.68797889952713,42.4329978760465,129
PONFERRADA,LEON,-6.60310570924515,42.5486698065608,567
PONTE CALDELAS,PONTEVEDRA,-8.50768264125,42.39289776,4
PONTEAREAS,PONTEVEDRA,-8.520481749,42.1703855066667,9
PONTECESO,A CORUÑA,-8.89150341265823,43.2559943163291,79
PONTECESURES,PONTEVEDRA,-8.6527898972,42.71767236,20
PONTEDEUME,A CORUÑA,-8.1648711812647,43.4000264773529,68
PONTEDEVA,OURENSE,-8.15398704945454,42.1735753318182,11
PONTES DE GARCIA RODRIGUEZ AS,A CORUÑA,-7.87331465911719,43.448315601875,128
PONTEVEDRA,PONTEVEDRA,-8.63498864235531,42.4307902525641,546
PORQUEIRA,OURENSE,-7.8468843226,42.0193144795,20
PORRIÑO O,PONTEVEDRA,-8.62313568719826,42.1315848882216,343
PORTALRUBIO DE GUADAMEJUD,CUENCA,-2.606168761,40.27049826,1
PORTAS,PONTEVEDRA,-8.66876521197297,42.5676772113513,37
PORTILLA,CUENCA,-2.08159308966667,40.2919493233333,3
PORTILLO DE TOLEDO,TOLEDO,-4.23205133722917,40.067464228125,48
PORTO,ZAMORA,-6.905675817,42.1628735333333,3
PORTO DO SON,A CORUÑA,-8.98830000945872,42.7062803198165,109
PORTOMARIN,LUGO,-7.67352027903704,42.8189326455556,54
PORZUNA,CIUDAD REAL,-4.19065709788349,39.2024736700971,103
POZO DE GUADALAJARA,GUADALAJARA,-3.18273299655556,40.4989839244444,9
POZUELO DE CALATRAVA,CIUDAD REAL,-3.83075458027907,38.9037536664341,129
POZUELO DEL PARAMO,LEON,-5.76290015688889,42.1555800277778,9
POZUELO DEL REY,MADRID,-3.31647154192857,40.3644763521429,14
POZUELOS DE CALATRAVA LOS,CIUDAD REAL,-4.19608969225,38.926583905,16
PRADALES,SEGOVIA,-3.688566925,41.4477418218182,11
PRADENA,SEGOVIA,-3.69041326877273,41.1462857772727,22
PRADOS REDONDOS,GUADALAJARA,-1.80312889766667,40.7932670833333,3
PRAT DE LLOBREGAT EL,BARCELONA,2.13682634459459,41.3133865356757,37
PRIARANZA DEL BIERZO,LEON,-6.67235351892857,42.508323195,14
PRIEGO,CUENCA,-2.31748164933333,40.4447539144444,18
PUEBLA DE DON RODRIGO,CIUDAD REAL,-4.56883210605,39.06619241925,40
PUEBLA DE MONTALBAN LA,TOLEDO,-4.3779524999375,39.836189570625,16
PUEBLA DE PEDRAZA,SEGOVIA,-3.89496263266667,41.2033410266667,3
PUEBLA DE SANABRIA,ZAMORA,-6.62202189590698,42.0511129213954,43
PUEBLA DEL PRINCIPE,CIUDAD REAL,-2.92384114213333,38.554872054,15
PUENTE DE DOMINGO FLOREZ,LEON,-6.799626849,42.40332144,1
PUERTO LAPICE,CIUDAD REAL,-3.557749331,39.27854767,1
PUERTOLLANO,CIUDAD REAL,-4.10611869311399,38.6813167276166,386
PUNXIN,OURENSE,-8.00889952788235,42.3711235182353,17
QUERO,TOLEDO,-3.23959941475926,39.5132982737037,54
QUINTANA DEL CASTILLO,LEON,-6.02508887946154,42.6506883542308,26
QUINTANA DEL MARCO,LEON,-5.8543454485,42.200458705,4
QUINTANA Y CONGOSTO,LEON,-6.041739153,42.2603695090909,11
QUIROGA,LUGO,-7.23483994979348,42.4744611427174,92
RAIRIZ DE VEIGA,OURENSE,-7.85355331044118,42.095355715,34
RAMIRAS,OURENSE,-8.03447691471795,42.1805623492308,39
RAPARIEGOS,SEGOVIA,-4.66039817392308,41.0904671284615,13
REAL SITIO DE SAN ILDEFONSO,SEGOVIA,-4.01195502938333,40.899198609,60
REBOLLO,SEGOVIA,-3.8530160605,41.1882020025,4
RECAS,TOLEDO,-4.00356588411628,40.0525922458915,129
REDONDELA,PONTEVEDRA,-8.62626721058928,42.2762749829762,168
REGUERAS DE ARRIBA,LEON,-5.86471725633333,42.2974280966667,3
RENERA,GUADALAJARA,-3.0099951855,40.49053123,6
REQUEJO,ZAMORA,-6.7606327106875,42.032951913125,16
RETUERTA DEL BULLAQUE,CIUDAD REAL,-4.25232124669388,39.4323172570408,98
RIAGUAS DE SAN BARTOLOME,SEGOVIA,-3.851703257,41.30560019,2
RIANXO,A CORUÑA,-8.79862459140816,42.6698048518367,98
RIAZA,SEGOVIA,-3.46334017472857,41.2829085778571,70
RIBA DE SAELICES,GUADALAJARA,-2.296689661,40.89180842,5
RIBADAVIA,OURENSE,-8.12968021835088,42.2989555494737,57
RIBADUMIA,PONTEVEDRA,-8.76349251513157,42.5111965726316,76
RIBAS DE SIL,LUGO,-7.29911203637931,42.4430215258621,29
RIBEIRA,A CORUÑA,-9.00495735823077,42.5601926230342,234
RIBOTA,SEGOVIA,-3.42420841666667,41.3567209766667,3
RIEGO DE LA VEGA,LEON,-5.98040661,42.379807485,26
RIELLO,LEON,-6.00698141190909,42.7888500636364,44
RILLO DE GALLO,GUADALAJARA,-1.92761195333333,40.87196166,3
RIOFRIO DE RIAZA,SEGOVIA,-3.45143180733333,41.24444567,3
RIONEGRO DEL PUENTE,ZAMORA,-6.23890472593333,42.0061111166667,15
RIOS,OURENSE,-7.28117052168889,41.9700848053333,45
RIOSECO DE TAPIA,LEON,-5.78898143523077,42.7197307153846,13
RIVAS  VACIAMADRID,MADRID,-3.52991400416239,40.3512491646367,468
ROBLEDA  CERVANTES,ZAMORA,-6.59463056625,42.086468525,12
ROBLEDO EL,CIUDAD REAL,-4.29726596351282,39.2268013925641,39
RODA DE ERESMA,SEGOVIA,-4.17798202257143,41.0299927014286,7
RODEIRO,PONTEVEDRA,-7.948628972,42.6590604591579,95
ROIS,A CORUÑA,-8.71261197622581,42.7911128256452,62
ROMANONES,GUADALAJARA,-2.992636814,40.54655986,1
ROMERAL EL,TOLEDO,-3.442352797,39.7093918633333,12
ROPERUELOS DEL PARAMO,LEON,-5.78997734138889,42.2320924394444,18
ROSAL O,PONTEVEDRA,-8.82715688248387,41.934885531129,62
ROSINOS DE LA REQUEJADA,ZAMORA,-6.516852669,42.109150241875,16
RUA A,OURENSE,-7.1153868281,42.39513500175,40
RUBIA,OURENSE,-6.9080686535,42.4592240335714,28
RUEDA DE LA SIERRA,GUADALAJARA,-1.864971445,40.92031826,4
RUIDERA,CIUDAD REAL,-2.88611078818182,38.9869564040909,22
SACECORBO,GUADALAJARA,-2.41274929671429,40.8261251257143,7
SACEDON,GUADALAJARA,-2.72971104825926,40.4801339007407,54
SACERUELA,CIUDAD REAL,-4.6093638864,38.9528596446667,15
SACRAMENIA,SEGOVIA,-3.96051285309091,41.4901285427273,11
SADA,A CORUÑA,-8.27007759461429,43.3483801022857,140
SAELICES DE LA SAL,GUADALAJARA,-2.3198508855,40.90764976,2
SALCEDA DE CASELAS,PONTEVEDRA,-8.61946727744444,42.0911898511111,18
SALINAS DEL MANZANO,CUENCA,-1.543689517,40.0942524625,4
SALMERON,GUADALAJARA,-2.490868545,40.54443106,1
SALMERONCILLOS,CUENCA,-2.530346236,40.5133447216667,6
SALOBRE,ALBACETE,-2.57606397684211,38.6112112489474,19
SALVACAÑETE,CUENCA,-1.4994404575,40.1191265014286,14
SALVATERRA DE MIÑO,PONTEVEDRA,-8.44917115254167,42.1208994241667,24
SAMOS,LUGO,-7.29917703445833,42.7212347152083,48
SAN ADRIAN DEL VALLE,LEON,-5.73392560433333,42.12793326,3
SAN AMARO,OURENSE,-8.05495829933333,42.37000789125,24
SAN ANDRES DEL REY,GUADALAJARA,-2.82081196,40.63768048,1
SAN CARLOS DEL VALLE,CIUDAD REAL,-3.2443203449375,38.847273220625,16
SAN CIBRAO DAS VIÑAS,OURENSE,-7.82647162590817,42.2879613972449,196
SAN CRISTOBAL DE CUELLAR,SEGOVIA,-4.40179713775,41.4062425975,4
SAN CRISTOBAL DE LA POLANTERA,LEON,-5.9072359355,42.387310739375,16
SAN CRISTOBAL DE LA VEGA,SEGOVIA,-4.63304513466667,41.1142984888889,9
SAN CRISTOBAL DE SEGOVIA,SEGOVIA,-4.08405881066667,40.9503085908333,12
SAN CRISTOVO DE CEA,OURENSE,-7.96234339766667,42.4907857402083,48
SAN EMILIANO,LEON,-6.01378701669565,42.9778767917391,23
SAN ESTEBAN DE NOGALES,LEON,-5.930838146,42.1591849866667,3
SAN FERNANDO DE HENARES,MADRID,-3.50605326505109,40.4242467672993,137
SAN JUSTO,ZAMORA,-6.62908144581818,42.14480066,11
SAN JUSTO DE LA VEGA,LEON,-6.02270571812,42.4446893128,25
SAN LORENZO DE CALATRAVA,CIUDAD REAL,-3.803763824,38.469550395,4
SAN MARTIN DE LA VEGA,MADRID,-3.58483611364141,40.2263929815657,198
SAN MIGUEL DE BERNUY,SEGOVIA,-3.9516802115,41.398512465,2
SAN PEDRO BERCIANOS,LEON,-5.7230261496,42.40612381,5
SAN PEDRO DE CEQUE,ZAMORA,-6.070105288,42.0405541628571,7
SAN PEDRO DE GAILLOS,SEGOVIA,-3.80799682854546,41.2285725690909,11
SAN PEDRO PALMICHES,CUENCA,-2.398759463,40.42921062,2
SAN SADURNIÑO,A CORUÑA,-8.07211831054546,43.5702104154545,11
SAN XOAN DE RIO,OURENSE,-7.30880981837931,42.3771960003448,29
SANCEDO,LEON,-6.64097601044444,42.6574808266667,9
SANCHONUÑO,SEGOVIA,-4.30855607408,41.3216012454,50
SANDIAS,OURENSE,-7.7501536461875,42.1123389140625,32
SANGARCIA,SEGOVIA,-4.41989087591667,40.9476079566667,12
SANTA COLOMBA DE SOMOZA,LEON,-6.27308987796,42.4633821556,25
SANTA COMBA,A CORUÑA,-8.80074633638298,43.0449833361702,47
SANTA CRUZ DE LA ZARZA,TOLEDO,-3.20837067333333,39.9784002343333,60
SANTA CRUZ DE LOS CAÑAMOS,CIUDAD REAL,-2.868414049,38.6324466175,4
SANTA CRUZ DE MOYA,CUENCA,-1.248452217,39.9459679328571,7
SANTA CRUZ DE MUDELA,CIUDAD REAL,-3.46577114236709,38.6352419135443,79
SANTA CRUZ DEL RETAMAR,TOLEDO,-4.25588159706306,40.1655575259459,111
SANTA ELENA DE JAMUZ,LEON,-5.89535548372222,42.2487948522222,18
SANTA EUFEMIA,CORDOBA,-4.90564418633333,38.6151752246667,15
SANTA MARIA DE HUERTA,SORIA,-2.18114234575,41.258185345,12
SANTA MARIA DE LA ISLA,LEON,-5.93221727383333,42.3562537883333,6
SANTA MARIA DE ORDAS,LEON,-5.82817545823529,42.7310980947059,17
SANTA MARIA DEL PARAMO,LEON,-5.75103788021429,42.3544768816071,56
SANTA MARIA LA REAL DE NIEVA,SEGOVIA,-4.41830057107843,41.0187382364706,51
SANTA MARINA DEL REY,LEON,-5.84533760648148,42.5038883581482,27
SANTA MARTA DEL CERRO,SEGOVIA,-3.66777610483333,41.219539275,6
SANTIAGO DE COMPOSTELA,A CORUÑA,-8.53341651726653,42.8865727868421,893
SANTIAGO MILLAS,LEON,-6.10341937333333,42.3977210122222,9
SANTIBAÑEZ DE VIDRIALES,ZAMORA,-6.00735610856522,42.0830869878261,23
SANTISO,A CORUÑA,-8.08364033792593,42.8669519462963,27
SANTIUSTE DE PEDRAZA,SEGOVIA,-3.86458786828571,41.1003034642857,7
SANTIUSTE DE SAN JUAN BAUTISTA,SEGOVIA,-4.57651665454286,41.1613629322857,35
SANTO DOMINGO DE PIRON,SEGOVIA,-3.977338359,41.0251647225,4
SANTO TOME DEL PUERTO,SEGOVIA,-3.58867368608333,41.1875663683333,12
SANTORCAZ,MADRID,-3.2318674451,40.475950567,10
SANTOS DE LA HUMOSA LOS,MADRID,-3.26158293003571,40.5088160432143,28
SANXENXO,PONTEVEDRA,-8.82190695371028,42.4119542865888,214
SARREAUS,OURENSE,-7.62150039952381,42.1122386435714,42
SARRIA,LUGO,-7.41742883225345,42.7767667811981,217
SAUQUILLO DE CABEZAS,SEGOVIA,-4.07176561371429,41.1882991857143,7
SAVIÑAO O,LUGO,-7.65613111061539,42.623873914945,91
SAYATON,GUADALAJARA,-2.83463214928571,40.3938776085714,7
SEBULCOR,SEGOVIA,-3.88282226242857,41.2735044085714,14
SEGOVIA,SEGOVIA,-4.12393198012851,40.929929471986,428
SELAS,GUADALAJARA,-2.102934295,40.952683875,2
SENA DE LUNA,LEON,-5.93253582609091,42.9229008427273,11
SEPULVEDA,SEGOVIA,-3.74811853460465,41.2940083106977,43
SEQUERA DE FRESNO,SEGOVIA,-3.545289753,41.3641586433333,6
SESEÑA,TOLEDO,-3.66612767468644,40.1077302800282,354
SETILES,GUADALAJARA,-1.608721393,40.721071615,4
SIENES,GUADALAJARA,-2.60086359,41.20462372,1
SIGUENZA,GUADALAJARA,-2.589806583,41.17289644,1
SILLEDA,PONTEVEDRA,-8.28997163343333,42.7387965305,60
SOBER,LUGO,-7.56238937772308,42.440777104,65
SOBRADO,A CORUÑA,-8.00232662502,43.0517657132,50
SOBRADO,LEON,-6.855942719,42.521468701875,16
SOCUELLAMOS,CIUDAD REAL,-2.81485115789508,39.2663587192787,305
SOLANA DEL PINO,CIUDAD REAL,-4.12783247925,38.5081670625,4
SOLANA LA,CIUDAD REAL,-3.23285637756693,38.9327861279527,127
SOLANILLOS DEL EXTREMO,GUADALAJARA,-2.6779659975,40.745519695,2
SOMOZAS AS,A CORUÑA,-7.91984534584848,43.5386406890909,33
SONSECA,TOLEDO,-3.956487768,39.6573990033333,3
SOTILLO,SEGOVIA,-3.65001194333333,41.2587989133333,3
SOTILLO EL,GUADALAJARA,-2.633564124,40.880278,1
SOTO DE LA VEGA,LEON,-5.89335535728,42.3266112348,25
SOTO Y AMIO,LEON,-5.862640383,42.7711298826923,26
SOTODOSOS,GUADALAJARA,-2.391430866,40.92154334,1
SOTORRIBAS,CUENCA,-2.18956626871429,40.3144690485714,14
SOTOSALBOS,SEGOVIA,-3.94229143222222,41.0352171177778,9
SOUTOMAIOR,PONTEVEDRA,-8.59004803894545,42.3379019227273,55
TABANERA LA LUENGA,SEGOVIA,-4.24507537876191,41.0981993238095,21
TABOADA,LUGO,-7.7730927645875,42.70989255375,80
TABOADELA,OURENSE,-7.82851195996296,42.2476060103704,27
TALAYUELAS,CUENCA,-1.27582945077778,39.8275262855556,9
TARAVILLA,GUADALAJARA,-1.963300232,40.69086824,3
TARTANEDO,GUADALAJARA,-1.94054971625,41.029274825,8
TEIXEIRA A,OURENSE,-7.48179025463636,42.3638105845455,11
TEJADILLOS,CUENCA,-1.632087359,40.14032902,2
TEMBLEQUE,TOLEDO,-3.52205285985,39.6747454085,60
TENDILLA,GUADALAJARA,-2.96188758585714,40.5411528042857,7
TEO,A CORUÑA,-8.561775547125,42.8122323000568,176
TERRINCHES,CIUDAD REAL,-2.8474244709,38.600894422,10
TERZAGA,GUADALAJARA,-1.903142154,40.69468732,1
TIELMES,MADRID,-3.31116018451724,40.2446130372414,29
TIERZO,GUADALAJARA,-1.94272717966667,40.7445910166667,3
TINAJAS,CUENCA,-2.570944523625,40.319012455,8
TITULCIA,MADRID,-3.56116773585714,40.14497863,21
TOBOSO EL,TOLEDO,-2.9832784995,39.454322485,2
TOEN,OURENSE,-7.95805901145652,42.3155748054348,46
TOLOCIRIO,SEGOVIA,-4.64199776271429,41.1341399357143,7
TOMELLOSO,CIUDAD REAL,-3.00723238547588,39.1776246970175,456
TOMIÑO,PONTEVEDRA,-8.7403783882087,41.9854933175652,115
TOQUES,A CORUÑA,-7.960595671,42.9687774125,28
TORAL DE LOS VADOS,LEON,-6.77564227602564,42.5594348430769,39
TORDELLEGO,GUADALAJARA,-1.66987697,40.72010196,1
TORDESILOS,GUADALAJARA,-1.58443171433333,40.67788627,3
TORDOIA,A CORUÑA,-8.54505658485185,43.0818150290741,54
TORENO,LEON,-6.521664890975,42.7074842615,40
TORIJA,GUADALAJARA,-3.03463510256757,40.7371563575676,37
TORRALBA,CUENCA,-2.277383948,40.3049343375,4
TORRALBA DE CALATRAVA,CIUDAD REAL,-3.75216094554639,39.0246215605155,97
TORRE DE ESTEBAN HAMBRAN LA,TOLEDO,-4.21280740429545,40.1716076645455,44
TORRE DE JUAN ABAD,CIUDAD REAL,-3.1672369737907,38.6234374351163,43
TORRE DEL BIERZO,LEON,-6.34932042496552,42.5983514265517,29
TORRE VAL DE SAN PEDRO,SEGOVIA,-3.86814095966667,41.06942358,6
TORREADRADA,SEGOVIA,-3.841071669,41.44267532,1
TORRECABALLEROS,SEGOVIA,-4.02545715488571,40.9919133588571,35
TORRECILLA DEL PINAR,SEGOVIA,-4.03605474516667,41.37552674,6
TORRECUADRADA DE MOLINA,GUADALAJARA,-1.794682135,40.74397553,2
TORRECUADRADILLA,GUADALAJARA,-2.54684322866667,40.8621521466667,3
TORREIGLESIAS,SEGOVIA,-4.03166927659091,41.1063150277273,22
TORREJON DE ARDOZ,MADRID,-3.4640898974,40.494680044,5
TORREJONCILLO DEL REY,CUENCA,-2.4951312082,40.047598807,10
TORREMOCHA DEL CAMPO,GUADALAJARA,-2.57364820154545,40.9501853027273,11
TORREMOCHA DEL PINAR,GUADALAJARA,-2.063230502,40.9047050833333,3
TORREMOCHUELA,GUADALAJARA,-1.8403918085,40.75694908,2
TORRENUEVA,CIUDAD REAL,-3.34248667248936,38.6441406623404,47
TORRES DE LA ALAMEDA,MADRID,-3.37378321066667,40.4104156710417,96
TORRESCARCELA,VALLADOLID,-4.363753733,41.46352852,1
TORRUBIA,GUADALAJARA,-1.902640888,40.95374179,2
TORTUERA,GUADALAJARA,-1.796644264,40.97062144,2
TOURO,A CORUÑA,-8.26962986381395,42.8648063418605,43
TRABADELO,LEON,-6.879130909,42.6410946445455,22
TRAGACETE,CUENCA,-1.84892595725,40.35042019,4
TRAID,GUADALAJARA,-1.8067715125,40.66636884,2
TRASMIRAS,OURENSE,-7.628984526875,42.032009565,32
TRAZO,A CORUÑA,-8.53979473838334,43.0067245586667,60
TREFACIO,ZAMORA,-6.65047003133333,42.12202346,6
TRESCASAS,SEGOVIA,-4.03456010454167,40.95018290875,24
TRIACASTELA,LUGO,-7.21596901726316,42.762008581579,19
TRIJUEQUE,GUADALAJARA,-2.97196058675,40.7811308633333,12
TRILLO,GUADALAJARA,-2.564668144,40.6860353528571,35
TRUCHAS,LEON,-6.42944232135,42.2641933435,20
TUI,PONTEVEDRA,-8.63078057635,42.0695740815,20
TURCIA,LEON,-5.87759560986667,42.5317947693333,15
TUREGANO,SEGOVIA,-4.00396122918367,41.1469542963265,49
TURLEQUE,TOLEDO,-3.63977447,39.6018317805,20
UGENA,TOLEDO,-3.87809213231183,40.1612975565591,93
UÑA,CUENCA,-1.96955475722222,40.2216410488889,9
UÑA DE QUINTANA,ZAMORA,-6.1490859562,42.084969046,5
URDA,TOLEDO,-3.72582395305172,39.4020824115517,58
URDIALES DEL PARAMO,LEON,-5.7690030822,42.377305328,10
URUEÑAS,SEGOVIA,-3.7846066375,41.352647825,2
VAL DE SAN LORENZO,LEON,-6.12878551588235,42.4190106511765,17
VAL DO DUBRA,A CORUÑA,-8.6599802853,43.0251650154,50
VALDEAVELLANO,GUADALAJARA,-2.97636795125,40.6678956575,4
VALDECOLMENAS LOS,CUENCA,-2.46658281975,40.1072535525,4
VALDECONCHA,GUADALAJARA,-2.885110391,40.43480024,2
VALDEFUENTES DEL PARAMO,LEON,-5.8276290778,42.317313266,5
VALDEGRUDAS,GUADALAJARA,-3.018713954,40.716172855,2
VALDELAGUNA,MADRID,-3.36501401233333,40.1622875422222,18
VALDEMECA,CUENCA,-1.743454771,40.22404846,1
VALDEMORILLO DE LA SIERRA,CUENCA,-1.772781455,40.0508019533333,6
VALDEMORO,MADRID,-3.66466944356818,40.1923657321591,176
VALDEMORO  SIERRA,CUENCA,-1.767690024,40.100496665,2
VALDEOLIVAS,CUENCA,-2.45321552,40.49839942,4
VALDEPEÑAS,CIUDAD REAL,-3.3919450900634,38.7760766228835,489
VALDEPRADOS,SEGOVIA,-4.27675573225,40.830149355,12
VALDERREBOLLO,GUADALAJARA,-2.73614416666667,40.8129994833333,3
VALDERREY,LEON,-6.00736279126087,42.4028145686956,23
VALDESAMARIO,LEON,-5.971843348,42.71864671,6
VALDEVACAS DE MONTEJO,SEGOVIA,-3.636575125,41.51964559,1
VALDEVACAS Y GUIJAR,SEGOVIA,-3.9091738885,41.147171045,6
VALDEVIMBRE,LEON,-5.66076411594872,42.4137846261538,39
VALDILECHA,MADRID,-3.30739439297561,40.2955794236585,41
VALDOVIÑO,A CORUÑA,-8.13431011437179,43.6003136166667,78
VALENZUELA DE CALATRAVA,CIUDAD REAL,-3.77645639186364,38.8416562827273,22
VALFERMOSO DE TAJUÑA,GUADALAJARA,-2.96374831866667,40.6104224633333,3
VALGA,PONTEVEDRA,-8.6596314554,42.695029815,60
VALHERMOSO,GUADALAJARA,-1.993479948,40.777144335,2
VALLE DE TABLADILLO,SEGOVIA,-3.84069387625,41.3615779625,4
VALLELADO,SEGOVIA,-4.43067862309677,41.3989217206452,31
VALLERUELA DE PEDRAZA,SEGOVIA,-3.80735362425,41.17548335,4
VALLERUELA DE SEPULVEDA,SEGOVIA,-3.773656403,41.18760505,1
VALMOJADO,TOLEDO,-4.08937433416327,40.2066088357143,98
VALSECA,SEGOVIA,-4.16518752157143,41.0007622685714,21
VALTABLADO DEL RIO,GUADALAJARA,-2.402604355,40.71419157,1
VALTIENDAS,SEGOVIA,-3.91287731266667,41.4862852188889,9
VALVERDE DE ALCALA,MADRID,-3.30577450225,40.41577909,8
VALVERDE DEL MAJANO,SEGOVIA,-4.2144112807973,40.9588646858108,74
VEDRA,A CORUÑA,-8.4631363640597,42.7816977041791,67
VEGA DE ESPINAREDA,LEON,-6.67420187866667,42.7337945754167,24
VEGA DE TERA,ZAMORA,-6.14748363254546,42.0007877454545,11
VEGA DE VALCARCE,LEON,-6.9738682963,42.676699712,30
VEGA DEL CODORNO,CUENCA,-1.92642218028571,40.4293498285714,7
VEGANZONES,SEGOVIA,-3.99216410211765,41.1915149564706,17
VEGAS DE MATUTE,SEGOVIA,-4.27392829955263,40.7912530047368,38
VEIGA A,OURENSE,-7.03307660277778,42.3083774822222,9
VELILLA DE SAN ANTONIO,MADRID,-3.48227680070833,40.3644686217708,96
VENTAS DE RETAMOSA LAS,TOLEDO,-4.11843022565217,40.1554250043478,69
VENTOSILLA Y TEJADILLA,SEGOVIA,-3.6915086865,41.1820734925,4
VEREA,OURENSE,-7.943729445,42.0999658621739,23
VERIN,OURENSE,-7.4376677903622,41.9275114058268,127
VIANA DO BOLO,OURENSE,-7.08506589155072,42.1633959834783,69
VIANOS,ALBACETE,-2.558088182,38.594458485,2
VIGO,PONTEVEDRA,-8.72121147576715,42.2189762251068,1357
VILA DE CRUCES,PONTEVEDRA,-8.21830827757894,42.7961889518421,114
VILABOA,PONTEVEDRA,-8.64552143751563,42.351428356875,64
VILAGARCIA DE AROUSA,PONTEVEDRA,-8.7624796278185,42.5941597784589,292
VILALBA,LUGO,-7.780099663,43.25307826,1
VILAMARIN,OURENSE,-7.88821271093877,42.4497675297959,49
VILAMARTIN DE VALDEORRAS,OURENSE,-7.04959382055263,42.4199622563158,38
VILANOVA DE AROUSA,PONTEVEDRA,-8.79088455792929,42.5566339717171,99
VILAR DE BARRIO,OURENSE,-7.6096685575625,42.1670322471875,32
VILAR DE SANTOS,OURENSE,-7.8081430668,42.0952505745,20
VILARDEVOS,OURENSE,-7.298829217,41.9070360156098,41
VILARIÑO DE CONSO,OURENSE,-7.2083564044,42.160881848,15
VILARMAIOR,A CORUÑA,-8.13254213348148,43.3523305603704,27
VILASANTAR,A CORUÑA,-8.10871647482857,43.0674413308572,35
VILLABLINO,LEON,-6.2796101626,42.93492722,5
VILLACAÑAS,TOLEDO,-3.34117364578621,39.6091880071724,145
VILLACASTIN,SEGOVIA,-4.41499282648438,40.7802079979687,64
VILLACONEJOS,MADRID,-3.48874859436364,40.1010597436364,11
VILLACONEJOS DE TRABAQUE,CUENCA,-2.3150287879,40.399150221,10
VILLADANGOS DEL PARAMO,LEON,-5.75093146819047,42.5295803668254,63
VILLAFRANCA DE LOS CABALLEROS,TOLEDO,-3.34984192664407,39.4276488086441,59
VILLAFRANCA DEL BIERZO,LEON,-6.80020101656667,42.6257367203334,60
VILLAGATON,LEON,-6.19725364337037,42.6121737044444,27
VILLAGERIZ,ZAMORA,-5.959298897,42.116019375,2
VILLAHERMOSA,CIUDAD REAL,-2.85563215827273,38.7740340297727,44
VILLALBA DE LA SIERRA,CUENCA,-2.09224937440909,40.2217817077273,22
VILLALBA DEL REY,CUENCA,-2.634115356875,40.346304395,8
VILLALBILLA,MADRID,-3.33426300890698,40.4402910393799,129
VILLALUENGA DE LA SAGRA,TOLEDO,-3.92177566192308,40.0229697969231,13
VILLAMAÑAN,LEON,-5.62968812275,42.33390583875,8
VILLAMANRIQUE,CIUDAD REAL,-3.09489141307407,38.5437741525926,27
VILLAMANRIQUE DE TAJO,MADRID,-3.23634941782353,40.0679831876471,17
VILLAMAYOR DE CALATRAVA,CIUDAD REAL,-4.14234814764286,38.7853394253571,28
VILLAMEJIL,LEON,-6.02914263246154,42.5749638823077,13
VILLAMIEL DE TOLEDO,TOLEDO,-4.12835529822222,39.9752922292593,27
VILLAMONTAN DE LA VALDUERNA,LEON,-6.02230844078261,42.3088987678261,23
VILLAMUELAS,TOLEDO,-3.73069538647619,39.8093271080952,21
VILLANUEVA DE BOGAS,TOLEDO,-3.64764767253333,39.7312299333333,15
VILLANUEVA DE GUADAMEJUD,CUENCA,-2.5105126645,40.2251946375,4
VILLANUEVA DE LA FUENTE,CIUDAD REAL,-2.70883286652,38.6995539648,25
VILLANUEVA DE LOS INFANTES,CIUDAD REAL,-3.01102966033721,38.7367358983721,86
VILLANUEVA DE SAN CARLOS,CIUDAD REAL,-3.87557474135714,38.6118574742857,14
VILLAOBISPO DE OTERO,LEON,-6.053911001,42.489172419,10
VILLAPALACIOS,ALBACETE,-2.6091783904,38.566254016,15
VILLAR DE DOMINGO GARCIA,CUENCA,-2.2798772656,40.226049615,10
VILLAR DE OLALLA,CUENCA,-2.388157037,39.97473232,1
VILLAR DEL INFANTADO,CUENCA,-2.511510822,40.4433450825,4
VILLAR DEL OLMO,MADRID,-3.2384799807,40.338413601,10
VILLAR DEL POZO,CIUDAD REAL,-3.96850755966667,38.8439753783333,6
VILLAR Y VELASCO,CUENCA,-2.40520060225,40.144328675,4
VILLARDECIERVOS,ZAMORA,-6.302260174,41.9485628014286,7
VILLAREJO DE LA PEÑUELA,CUENCA,-2.413220404,40.088987245,2
VILLAREJO DE ORBIGO,LEON,-5.89840085225641,42.4368036420513,39
VILLAREJO DE SALVANES,MADRID,-3.2706985030119,40.156148299881,84
VILLARES DE ORBIGO,LEON,-5.91058441033333,42.4632741611111,9
VILLARROBLEDO,ALBACETE,-2.72474503410448,39.1922418885075,67
VILLARRUBIA DE LOS OJOS,CIUDAD REAL,-3.61096433735172,39.2081018724138,145
VILLARRUBIA DE SANTIAGO,TOLEDO,-3.35647103415151,40.0017930333333,66
VILLARTA DE SAN JUAN,CIUDAD REAL,-3.41887972835052,39.19896338,97
VILLAS DE LA VENTOSA,CUENCA,-2.39902951516667,40.2328379225,12
VILLASEQUILLA,TOLEDO,-3.73383892271429,39.8720039421429,28
VILLATOBAS,TOLEDO,-3.31919839181481,39.8848417033333,54
VILLAVERDE DE MONTEJO,SEGOVIA,-3.662517901,41.508774915,2
VILLAZALA,LEON,-5.86442048947059,42.3862081688235,17
VILLEGUILLO,SEGOVIA,-4.57159700436364,41.2532369172727,11
VILLEL DE MESA,GUADALAJARA,-1.990387542,41.121809874,5
VILORIA,VALLADOLID,-4.38297379866667,41.4450342533333,3
VIMIANZO,A CORUÑA,-9.04347236528767,43.0877264020548,73
VINDEL,CUENCA,-2.380957826,40.58572652,1
VISO DE SAN JUAN EL,TOLEDO,-3.94567832447329,40.1449478626717,131
VISO DEL MARQUES,CIUDAD REAL,-3.58521351768571,38.5260107795714,70
XERMADE,LUGO,-7.861704408,43.388904215,8
XINZO DE LIMIA,OURENSE,-7.71620119108725,42.0578678403356,149
XUNQUEIRA DE AMBIA,OURENSE,-7.72216649748571,42.1861060917143,35
XUNQUEIRA DE ESPADANEDO,OURENSE,-7.63679391086667,42.3101215,15
YANGUAS DE ERESMA,SEGOVIA,-4.2453587159,41.074280691,10
YEBENES LOS,TOLEDO,-3.85705404742439,39.5037470723415,205
YEBES,GUADALAJARA,-3.1098602842029,40.5859852663768,69
YEBRA,GUADALAJARA,-2.9232013305,40.331506195,6
YELAMOS DE ABAJO,GUADALAJARA,-2.854382236,40.63071862,1
YELAMOS DE ARRIBA,GUADALAJARA,-2.84185635,40.63859386,1
YELES,TOLEDO,-3.79706606028,40.1206991513333,150
YELO,SORIA,-2.527291814,41.20835378,1
YEPES,TOLEDO,-3.65046151225532,39.9057143396808,94
YUNCLER,TOLEDO,-3.90303228076923,40.0558087123077,13
YUNCLILLOS,TOLEDO,-3.99734496553333,40.0240852711111,45
YUNCOS,TOLEDO,-3.878106960625,40.0886477457065,184
YUNTA LA,GUADALAJARA,-1.6880444455,40.909289305,2
ZAFRILLA,CUENCA,-1.613049488,40.182221445,2
ZAOREJAS,GUADALAJARA,-2.19324415828571,40.7868602114286,7
ZARZUELA,CUENCA,-2.1298408355,40.255925015,2
ZARZUELA DEL MONTE,SEGOVIA,-4.34113133928571,40.8016435642857,14
ZAS,A CORUÑA,-8.92828702436666,43.1084292323333,60
ZORITA DE LOS CANES,GUADALAJARA,-2.89757046445455,40.3368021445455,11
ZOTES DEL PARAMO,LEON,-5.72549096027027,42.2685738783784,37
