ABADES,SEGOVIA,-4.268934,40.91564,5,0,0
ABANADES,GUADALAJARA,-2.495925,40.88955,2,0,0
ABEGONDO,A CORUNYA,-8.28941253731343,43.2250029850746,67,0,0
ABENOJAR,CIUDAD REAL,-4.36645875,38.8847125,8,0,0
ABLANQUE,GUADALAJARA,-2.22769,40.897,1,0,0
ADOBES,GUADALAJARA,-1.68127,40.6752,1,0,0
ADRADA DE PIRON,SEGOVIA,-4.05006,41.0504,1,0,0
ADRADOS,SEGOVIA,-4.11257,41.3673,2,0,0
AGOLADA,PONTEVEDRA,-8.04453957446809,42.7967957446809,47,0,0
AGUILAFUENTE,SEGOVIA,-4.11295333333333,41.2267666666667,6,0,0
ALAMEDA DE LA SAGRA,TOLEDO,-3.7981724137931,40.0128896551724,29,0,0
ALAMILLO,CIUDAD REAL,-4.7730375,38.67485,4,0,0
ALAMINOS,GUADALAJARA,-2.72741,40.8608,1,0,0
ALBALADEJO,CIUDAD REAL,-2.79905833333333,38.5966,6,0,0
ALBALATE DE LAS NOGUERAS,CUENCA,-2.27503,40.3655,3,0,0
ALBALATE DE ZORITA,GUADALAJARA,-2.82569090909091,40.3020515151515,33,0,0
ALBARES,GUADALAJARA,-3.010084,40.30596,5,0,0
ALBENDEA,CUENCA,-2.388535,40.47475,4,0,0
ALCALA DE HENARES,MADRID,-3.36413677419355,40.4813536290323,248,0,0
ALCALA DE LA VEGA,CUENCA,-1.52809,40.0173666666667,3,0,0
ALCAZAR DE SAN JUAN,CIUDAD REAL,-3.21812873563219,39.3621831417625,261,0,0
ALCOBA,CIUDAD REAL,-4.43711,39.2565,5,0,0
ALCOCER,GUADALAJARA,-2.61188,40.4758,4,0,0
ALCOHUJATE,CUENCA,-2.61747,40.4163,1,0,0
ALCOLEA DE CALATRAVA,CIUDAD REAL,-4.10977733333333,38.9861066666667,15,0,0
ALCOLEA DEL PINAR,GUADALAJARA,-2.47573166666667,41.0159,12,0,0
ALCONADA DE MADERUELO,SEGOVIA,-3.49103,41.4561,2,0,0
ALCOROCHES,GUADALAJARA,-1.75034,40.6259,2,0,0
ALCUBILLA DE LAS PENYAS,SORIA,-2.5116,41.2584333333333,3,0,0
ALCUBILLA DE NOGALES,ZAMORA,-5.92225,42.1282,1,0,0
ALCUBILLAS,CIUDAD REAL,-3.15031909090909,38.7609272727273,11,0,0
ALDEA DEL REY,CIUDAD REAL,-3.8517425,38.73173,20,0,0
ALDEA EN CABO,TOLEDO,-4.45567,40.1831,1,0,0
ALDEA LENGUA DE PEDRAZA,SEGOVIA,-3.80794,41.0678,3,0,0
ALDEA LENGUA DE SANTA MARIA,SEGOVIA,-3.46751,41.46,1,0,0
ALDEA NUEVA DE LA SERREZUELA,SEGOVIA,-3.78205,41.4593,1,0,0
ALDEA NUEVA DEL CODONAL,SEGOVIA,-4.540615,41.07695,2,0,0
ALDEA REAL,SEGOVIA,-4.16190333333333,41.1858333333333,3,0,0
ALDEA SONYA,SEGOVIA,-4.05617,41.4722,1,0,0
ALDEALCORVO,SEGOVIA,-3.786075,41.2505,2,0,0
ALDEANUEVA DE GUADALAJARA,GUADALAJARA,-3.04713,40.6783,2,0,0
ALDEHORNO,SEGOVIA,-3.77686,41.5127,1,0,0
ALDEHUELA DEL CODONAL,SEGOVIA,-4.53697,41.055,1,0,0
ALDEONTE,SEGOVIA,-3.684795,41.33715,2,0,0
ALGAR DE MESA,GUADALAJARA,-1.95946,41.1329,1,0,0
ALGARRA,CUENCA,-1.43761,40.0017,1,0,0
ALHAMBRA,CIUDAD REAL,-3.10627434782609,38.8574304347826,23,0,0
ALHONDIGA,GUADALAJARA,-2.826045,40.5242,2,0,0
ALIAGUILLA,CUENCA,-1.324882,39.73938,5,0,0
ALIJA DEL INFANTADO,LEON,-5.8314175,42.1514333333333,12,0,0
ALIQUE,GUADALAJARA,-2.64497,40.5853,1,0,0
ALLARIZ,OURENSE,-7.80196946808511,42.1923106382979,94,0,0
ALMADEN,CIUDAD REAL,-4.826831875,38.778090625,32,0,0
ALMADENEJOS,CIUDAD REAL,-4.715085,38.7620625,8,0,0
ALMAGRO,CIUDAD REAL,-3.7181008,38.8874248,125,0,0
ALMEDINA,CIUDAD REAL,-2.95347,38.6241666666667,3,0,0
ALMODOVAR DEL CAMPO,CIUDAD REAL,-4.37092358974359,38.6778461538462,39,0,0
ALMOGUERA,GUADALAJARA,-3.01709181818182,40.2732409090909,22,0,0
ALMONACID DE ZORITA,GUADALAJARA,-2.85456857142857,40.3346714285714,14,0,0
ALMOROX,TOLEDO,-4.38077033333333,40.2316333333333,30,0,0
ALMURADIEL,CIUDAD REAL,-3.49747076923077,38.4827615384615,13,0,0
ALOCEN,GUADALAJARA,-2.75013,40.5732,1,0,0
ALOVERA,GUADALAJARA,-3.225135,40.58755,2,0,0
ALTAREJOS,CUENCA,-2.42818,39.9563,1,0,0
ALUSTANTE,GUADALAJARA,-1.64634,40.606225,4,0,0
AMBITE,MADRID,-3.183946,40.32248,10,0,0
AMES,A CORUNYA,-8.62168786802031,42.8597284263959,197,0,0
AMOEIRO,OURENSE,-7.94127942857143,42.3979371428571,35,0,0
ANAYA,SEGOVIA,-4.307955,40.9892,2,0,0
ANCHUELO,MADRID,-3.266218,40.4662,10,0,0
ANGUITA,GUADALAJARA,-2.36271,40.99495,6,0,0
ANQUELA DEL DUCADO,GUADALAJARA,-2.1413,40.97875,2,0,0
ANQUELA DEL PEDREGAL,GUADALAJARA,-1.73917,40.7423,1,0,0
ANTAS DE ULLA,LUGO,-7.89699658536585,42.7778390243902,41,0,0
ANTIGUA LA,LEON,-5.677984,42.18515,10,0,0
ANYE,SEGOVIA,-4.32456,41.04415,2,0,0
ANYOVER DE TAJO,TOLEDO,-3.76557571428571,39.9859742857143,35,0,0
ARAHUETES,SEGOVIA,-3.85712666666667,41.1595666666667,3,0,0
ARANDILLA DEL ARROYO,CUENCA,-2.3858,40.5098,1,0,0
ARANGA,A CORUNYA,-8.01949482142857,43.2211285714286,56,0,0
ARANJUEZ,MADRID,-3.60206662601626,40.0362532520325,246,0,0
ARBETETA,GUADALAJARA,-2.4036,40.6683,1,0,0
ARBO,PONTEVEDRA,-8.31691097560975,42.1151609756097,41,0,0
ARCICOLLAR,TOLEDO,-4.11637,40.0533909090909,11,0,0
ARCONES,SEGOVIA,-3.736735,41.1192666666667,6,0,0
ARCOS DE JALON,SORIA,-2.27528730769231,41.1904038461538,26,0,0
ARCOS DE LA SIERRA,CUENCA,-2.11517,40.3459,1,0,0
ARDON,LEON,-5.61209666666667,42.4563,3,0,0
ARENALES DE SAN GREGORIO,CIUDAD REAL,-3.01614,39.310325,8,0,0
ARENAS DE SAN JUAN,CIUDAD REAL,-3.49621,39.21674,10,0,0
ARES,A CORUNYA,-8.24456230769231,43.4313576923077,52,0,0
AREVALILLO DE CEGA,SEGOVIA,-3.88735,41.1608,1,0,0
ARGAMASILLA DE ALBA,CIUDAD REAL,-3.08558568627451,39.1262039215686,51,0,0
ARGAMASILLA DE CALATRAVA,CIUDAD REAL,-4.07205989130435,38.7334423913044,92,0,0
ARGANDA DEL REY,MADRID,-3.45784130434782,40.3045107023411,299,0,0
ARGANZA,LEON,-6.68728916666667,42.6413833333333,12,0,0
ARMUNYA,SEGOVIA,-4.28130666666667,41.0668666666667,3,0,0
ARMUNYA DE TAJUNYA,GUADALAJARA,-3.02594,40.5389,1,0,0
ARNOIA A,OURENSE,-8.14626,42.2742,1,0,0
ARRANCACEPAS,CUENCA,-2.36001,40.3026,1,0,0
ARROBA DE LOS MONTES,CIUDAD REAL,-4.5408575,39.1512,4,0,0
ARTEIXO,A CORUNYA,-8.49515797520661,43.3134016528926,242,0,0
ARZUA,A CORUNYA,-8.17240677083333,42.9238770833333,96,0,0
ASTORGA,LEON,-6.06514935897436,42.4579397435897,78,0,0
ASTURIANOS,ZAMORA,-6.46765222222222,42.0532333333333,9,0,0
ATANZON,GUADALAJARA,-2.99919,40.6666,1,0,0
AUNYON,GUADALAJARA,-2.780748,40.49658,5,0,0
AVION,OURENSE,-8.27513821428571,42.397025,28,0,0
AYLLON,SEGOVIA,-3.3716319047619,41.3982476190476,21,0,0
AYOO DE VIDRIALES,ZAMORA,-6.06796333333333,42.119,3,0,0
BAIONA,PONTEVEDRA,-8.83933575342466,42.1109602739726,73,0,0
BALBOA,LEON,-6.93179789473684,42.7126842105263,19,0,0
BALEIRA,LUGO,-7.193807,43.0057333333333,30,0,0
BALLESTEROS DE CALATRAVA,CIUDAD REAL,-3.938325,38.842825,4,0,0
BALTAR,OURENSE,-7.74140045454546,41.9376818181818,22,0,0
BANDE,OURENSE,-7.96899657894737,42.0161894736842,38,0,0
BANYA A,A CORUNYA,-8.73748029411765,42.9534882352941,34,0,0
BANYEZA LA,LEON,-5.9029404040404,42.2974818181818,99,0,0
BANYOS DE MOLGAS,OURENSE,-7.68798833333333,42.22754,30,0,0
BANYOS DE TAJO,GUADALAJARA,-1.97189,40.7169,1,0,0
BARALLA,LUGO,-7.26476872727273,42.8997963636364,55,0,0
BARBADAS,OURENSE,-7.8895512962963,42.3122259259259,54,0,0
BARBOLLA,SEGOVIA,-3.6615875,41.31235,4,0,0
BARCO DE VALDEORRAS O,OURENSE,-6.9855417948718,42.4162170940171,117,0,0
BARJAS,LEON,-6.97788083333333,42.6082166666667,12,0,0
BARRIOPEDRO,GUADALAJARA,-2.75199,40.7884,1,0,0
BARRIOS DE LUNA LOS,LEON,-5.8544925,42.8441666666667,12,0,0
BARRO,PONTEVEDRA,-8.64987948275862,42.5235448275862,58,0,0
BASARDILLA,SEGOVIA,-4.025065,41.0282,4,0,0
BASCUNYANA DE SAN PEDRO,CUENCA,-2.22885,40.2118,1,0,0
BEADE,OURENSE,-8.128686,42.33048,5,0,0
BEAMUD,CUENCA,-1.82831,40.1853,1,0,0
BEARIZ,OURENSE,-8.28170461538461,42.4846538461538,13,0,0
BECERREA,LUGO,-7.1502109375,42.87154375,64,0,0
BELMONTE DE TAJO,MADRID,-3.33598272727273,40.1319454545454,11,0,0
BEMBIBRE,LEON,-6.42947324675325,42.6202428571429,77,0,0
BENAVIDES,LEON,-5.9106555,42.51322,20,0,0
BERCIAL,SEGOVIA,-4.43458,40.9069,1,0,0
BERCIANOS DEL PARAMO,LEON,-5.69058368421053,42.3524947368421,19,0,0
BERCIMUEL,SEGOVIA,-3.57136,41.3988,1,0,0
BERGONDO,A CORUNYA,-8.25003108695652,43.3082630434782,92,0,0
BERLANGA DEL BIERZO,LEON,-6.580486,42.73354,5,0,0
BERNARDOS,SEGOVIA,-4.34729625,41.1378,8,0,0
BERNINCHES,GUADALAJARA,-2.80152,40.57,1,0,0
BERNUY DE PORREROS,SEGOVIA,-4.11799285714286,41.0006857142857,7,0,0
BETANZOS,A CORUNYA,-8.21599137931034,43.2766356321839,87,0,0
BIENSERVIDA,ALBACETE,-2.5934025,38.5216875,8,0,0
BLANCOS OS,OURENSE,-7.75270708333333,41.9876166666667,24,0,0
BOBORAS,OURENSE,-8.1647522,42.438538,50,0,0
BOCEGUILLAS,SEGOVIA,-3.62945777777778,41.3382666666667,9,0,0
BOIMORTO,A CORUNYA,-8.13830355555556,43.0101955555556,45,0,0
BOIRO,A CORUNYA,-8.88201301369863,42.6484273972603,146,0,0
BOLA A,OURENSE,-7.90140862068965,42.1457896551724,29,0,0
BOLANYOS DE CALATRAVA,CIUDAD REAL,-3.65436377358491,38.9124443396227,106,0,0
BOLO O,OURENSE,-7.11310833333333,42.2974625,24,0,0
BONICHES,CUENCA,-1.622995,39.986,2,0,0
BOQUEIXON,A CORUNYA,-8.45334711111111,42.8244066666667,45,0,0
BOROX,TOLEDO,-3.71369757281553,40.0550922330097,103,0,0
BORRENES,LEON,-6.73046285714286,42.4850285714286,7,0,0
BOVEDA,LUGO,-7.49301777777778,42.637225,36,0,0
BRAZATORTAS,CIUDAD REAL,-4.29113666666667,38.65361,30,0,0
BRAZUELO,LEON,-6.13835357142857,42.5021857142857,14,0,0
BRIEVA,SEGOVIA,-4.05827,41.02895,2,0,0
BRIHUEGA,GUADALAJARA,-2.862396,40.74858,40,0,0
BRIME DE SOG,ZAMORA,-6.04286,42.0594,2,0,0
BRION,A CORUNYA,-8.69611844155844,42.8502883116883,77,0,0
BUCIEGAS,CUENCA,-2.46397,40.3347,1,0,0
BUDIA,GUADALAJARA,-2.759358,40.67108,5,0,0
BUENDIA,CUENCA,-2.76769428571429,40.3813285714286,7,0,0
BUEU,PONTEVEDRA,-8.7864568,42.3224293333333,75,0,0
BUSTILLO DEL PARAMO,LEON,-5.80281090909091,42.4358818181818,11,0,0
CABALLAR,SEGOVIA,-3.96225,41.1237,1,0,0
CABANA DE BERGANTINYOS,A CORUNYA,-8.89516803921569,43.1969941176471,51,0,0
CABANAS,A CORUNYA,-8.141269,43.43836,10,0,0
CABANYAS DE LA SAGRA,TOLEDO,-3.948885625,40.00650625,16,0,0
CABANYAS DE POLENDOS,SEGOVIA,-4.111725,41.0465,2,0,0
CABANYAS DE YEPES,TOLEDO,-3.5331325,39.889925,4,0,0
CABANYAS RARAS,LEON,-6.62094454545455,42.6167227272727,22,0,0
CABEZAMESADA,TOLEDO,-3.10219142857143,39.8149,7,0,0
CABEZARADOS,CIUDAD REAL,-4.29734,38.8431,3,0,0
CABEZARRUBIAS DEL PUERTO,CIUDAD REAL,-4.1935225,38.6141125,8,0,0
CABRILLANES,LEON,-6.102675,42.95965,2,0,0
CACABELOS,LEON,-6.72666,42.6056452380952,42,0,0
CALABAZAS DE FUENTIDUENYA,SEGOVIA,-4.00975,41.4434,1,0,0
CALDAS DE REIS,PONTEVEDRA,-8.65517759036145,42.6024253012048,83,0,0
CALVOS DE RANDIN,OURENSE,-7.86572,41.9415227272727,22,0,0
CALZADA DE CALATRAVA,CIUDAD REAL,-3.75839864864865,38.6772081081081,74,0,0
CALZADILLA DE TERA,ZAMORA,-6.09125,41.98105,2,0,0
CAMARENA,TOLEDO,-4.11685903225807,40.0924032258065,62,0,0
CAMARENILLA,TOLEDO,-4.068945,40.0168333333333,6,0,0
CAMARINYAS,A CORUNYA,-9.15970444444445,43.1372333333333,27,0,0
CAMARZANA DE TERA,ZAMORA,-6.048525,42.01795,2,0,0
CAMBADOS,PONTEVEDRA,-8.80132326315789,42.5138115789473,95,0,0
CAMBRE,A CORUNYA,-8.33608974522293,43.2951522292994,157,0,0
CAMPILLO DE DUENYAS,GUADALAJARA,-1.68448,40.8847,1,0,0
CAMPILLOS PARAVIENTOS,CUENCA,-1.54481,39.9737,1,0,0
CAMPILLOS SIERRA,CUENCA,-1.69791,40.0993,1,0,0
CAMPO DE CRIPTANA,CIUDAD REAL,-3.10956026548673,39.3818982300885,113,0,0
CAMPO DE SAN PEDRO,SEGOVIA,-3.54541428571429,41.4363142857143,7,0,0
CAMPO LAMEIRO,PONTEVEDRA,-8.5402965625,42.538603125,32,0,0
CAMPO REAL,MADRID,-3.37818442307692,40.3366538461538,52,0,0
CAMPONARAYA,LEON,-6.66915543859649,42.5759,57,0,0
CAMPOS DEL PARAISO,CUENCA,-2.64800666666667,40.0573333333333,3,0,0
CAMUNYAS,TOLEDO,-3.469705,39.4263214285714,14,0,0
CANALEJAS DEL ARROYO,CUENCA,-2.493015,40.36865,2,0,0
CANDIN,LEON,-6.73800416666667,42.825175,12,0,0
CANGAS,PONTEVEDRA,-8.79433264367817,42.2684045977012,174,0,0
CANREDONDO,GUADALAJARA,-2.49318,40.8133,1,0,0
CANTALEJO,SEGOVIA,-3.92377904761905,41.2588142857143,21,0,0
CANTIMPALOS,SEGOVIA,-4.15915043478261,41.0737739130435,23,0,0
CANYADA DE CALATRAVA,CIUDAD REAL,-4.012555,38.8521,2,0,0
CANYAMARES,CUENCA,-2.234915,40.45395,2,0,0
CANYAVERAS,CUENCA,-2.394015,40.35675,2,0,0
CANYAVERUELAS,CUENCA,-2.63609,40.3987,1,0,0
CANYETE,CUENCA,-1.64101142857143,40.0468,7,0,0
CANYIZA A,PONTEVEDRA,-8.28361395061728,42.1983222222222,81,0,0
CAPELA A,A CORUNYA,-8.05520357142857,43.4318928571429,14,0,0
CARABANYA,MADRID,-3.23886285714286,40.2554952380952,21,0,0
CARACUEL DE CALATRAVA,CIUDAD REAL,-4.06251333333333,38.8442,3,0,0
CARBALLEDA DE AVIA,OURENSE,-8.17945272727273,42.3295409090909,22,0,0
CARBALLEDA DE VALDEORRAS,OURENSE,-6.87169142857143,42.3868607142857,28,0,0
CARBALLEDO,LUGO,-7.80231290322581,42.5198516129032,62,0,0
CARBALLINYO O,OURENSE,-8.07568037383178,42.4330205607477,107,0,0
CARBALLO,A CORUNYA,-8.68234845454545,43.218535,220,0,0
CARBONERO EL MAYOR,SEGOVIA,-4.27001478260869,41.1226391304348,23,0,0
CARINYO,A CORUNYA,-7.87671322580645,43.7300967741935,31,0,0
CARNOTA,A CORUNYA,-9.1054084,42.836974,50,0,0
CARPIO DE TAJO EL,TOLEDO,-4.45223,39.8539,1,0,0
CARRACEDELO,LEON,-6.72920203389831,42.5519322033898,59,0,0
CARRAL,A CORUNYA,-8.35509038961039,43.2248779220779,77,0,0
CARRANQUE,TOLEDO,-3.90420403508772,40.1707701754386,57,0,0
CARRASCAL DEL RIO,SEGOVIA,-3.89183,41.3558,4,0,0
CARRION DE CALATRAVA,CIUDAD REAL,-3.8263976,39.01682,50,0,0
CARRIZO,LEON,-5.83592137931034,42.5787103448276,29,0,0
CARRIZOSA,CIUDAD REAL,-2.98525875,38.8404375,8,0,0
CARROCERA,LEON,-5.76595647058824,42.7841647058823,17,0,0
CARTELLE,OURENSE,-8.02871981132075,42.2338773584906,53,0,0
CARUCEDO,LEON,-6.79135,42.4900769230769,13,0,0
CASARRUBIOS DEL MONTE,TOLEDO,-4.04543067961165,40.2024310679612,103,0,0
CASAS DE GARCIMOLINA,CUENCA,-1.41831,39.9976,1,0,0
CASLA,SEGOVIA,-3.65831,41.16525,2,0,0
CASPUENYAS,GUADALAJARA,-2.97661,40.69535,6,0,0
CASTEJON,CUENCA,-2.52191333333333,40.38,3,0,0
CASTELLAR DE LA MUELA,GUADALAJARA,-1.76025,40.8179,1,0,0
CASTILFORTE,GUADALAJARA,-2.44851,40.5581,2,0,0
CASTILLEJO DE MESLEON,SEGOVIA,-3.57116,41.27495,6,0,0
CASTILLEJO SIERRA,CUENCA,-2.13956,40.3741,1,0,0
CASTILLO ALBARANYEZ,CUENCA,-2.39334,40.2985,1,0,0
CASTILNUEVO,GUADALAJARA,-1.85912,40.8137,1,0,0
CASTRELO DE MINYO,OURENSE,-8.06374821428571,42.2977428571429,28,0,0
CASTRELO DO VAL,OURENSE,-7.379307,42.01473,20,0,0
CASTRILLO DE CABRERA,LEON,-6.54387,42.3332875,8,0,0
CASTRILLO DE LA VALDUERNA,LEON,-6.137855,42.322975,4,0,0
CASTRO CALDELAS,OURENSE,-7.40045607142857,42.3720285714286,28,0,0
CASTRO DE FUENTIDUENYA,SEGOVIA,-3.85641,41.4186,1,0,0
CASTROCALBON,LEON,-5.99648888888889,42.1957,9,0,0
CASTROCONTRIGO,LEON,-6.172166,42.20432,5,0,0
CASTROJIMENO,SEGOVIA,-3.84835,41.3956,1,0,0
CASTROPODAME,LEON,-6.44353571428572,42.5942214285714,14,0,0
CASTROSERNA DE ABAJO,SEGOVIA,-3.73394,41.2074,1,0,0
CASTROSERRACIN,SEGOVIA,-3.8024,41.3943,1,0,0
CASTROVERDE,LUGO,-7.3381835,43.01338,60,0,0
CATOIRA,PONTEVEDRA,-8.72712782608696,42.6594391304348,23,0,0
CEBRONES DEL RIO,LEON,-5.8425,42.2597,9,0,0
CEDEIRA,A CORUNYA,-8.03107256756757,43.6603567567568,74,0,0
CEDILLO DE LA TORRE,SEGOVIA,-3.60601,41.4235,1,0,0
CEDILLO DEL CONDADO,TOLEDO,-3.92621818181818,40.1095218181818,55,0,0
CEE,A CORUNYA,-9.1909668,42.961684,75,0,0
CELANOVA,OURENSE,-7.96037726027397,42.1618191780822,73,0,0
CENLLE,OURENSE,-8.07809681818182,42.3386227272727,22,0,0
CENTENERA,GUADALAJARA,-3.055445,40.65145,4,0,0
CERCEDA,A CORUNYA,-8.4533740625,43.191534375,32,0,0
CERDEDO,PONTEVEDRA,-8.40193461538462,42.541817948718,39,0,0
CERDIDO,A CORUNYA,-7.96322625,43.6103125,16,0,0
CEREZO DE ABAJO,SEGOVIA,-3.59004625,41.215775,8,0,0
CEREZO DE ARRIBA,SEGOVIA,-3.4930875,41.211525,4,0,0
CERNADILLA,ZAMORA,-6.41435166666667,42.01135,6,0,0
CERVANTES,LUGO,-6.98712781818182,42.8326581818182,55,0,0
CESURAS,A CORUNYA,-8.19596064516129,43.1721516129032,31,0,0
CHANDREXA DE QUEIXA,OURENSE,-7.38571966666666,42.2772333333333,30,0,0
CHANTADA,LUGO,-7.78939803030303,42.6100348484849,132,0,0
CHECA,GUADALAJARA,-1.788228,40.5876,5,0,0
CHEQUILLA,GUADALAJARA,-1.82727,40.6052,1,0,0
CHILLARON DEL REY,GUADALAJARA,-2.702574,40.57756,5,0,0
CHILLON,CIUDAD REAL,-4.87185739130435,38.8004565217391,23,0,0
CHILOECHES,GUADALAJARA,-3.19592698412699,40.5636253968254,63,0,0
CHINCHON,MADRID,-3.47912518518519,40.1617629629629,81,0,0
CHOZAS DE ABAJO,LEON,-5.688886,42.493448,25,0,0
CHOZAS DE CANALES,TOLEDO,-4.04353945945946,40.0971297297297,37,0,0
CIEMPOZUELOS,MADRID,-3.62785728,40.1557944,125,0,0
CIERVA LA,CUENCA,-1.85031,40.0564,1,0,0
CIFUENTES,GUADALAJARA,-2.6072148,40.763432,25,0,0
CILLERUELO DE SAN MAMES,SEGOVIA,-3.56658,41.4304,1,0,0
CIMANES DEL TEJAR,LEON,-5.808696,42.6071133333333,15,0,0
CIRUELOS,TOLEDO,-3.61379571428571,39.9407714285714,7,0,0
CIRUELOS DEL PINAR,GUADALAJARA,-2.22176,41.0092,1,0,0
CIUDAD REAL,CIUDAD REAL,-3.93256777235772,38.9871291056911,615,0,0
COBEJA,TOLEDO,-3.85818826086957,40.0225739130435,23,0,0
COBETA,GUADALAJARA,-2.14049,40.8639,1,0,0
COBOS DE FUENTIDUENYA,SEGOVIA,-3.92603,41.3818,1,0,0
COBREROS,ZAMORA,-6.687628,42.0648,20,0,0
COCA,SEGOVIA,-4.52391684210526,41.2066631578947,19,0,0
CODORNIZ,SEGOVIA,-4.62319857142857,41.0464285714286,7,0,0
COGOLLOR,GUADALAJARA,-2.74472,40.8483,1,0,0
COIROS,A CORUNYA,-8.147732,43.243368,25,0,0
COLES,OURENSE,-7.83519979591837,42.4061346938775,49,0,0
COLLADO HERMOSO,SEGOVIA,-3.91592,41.0334333333333,3,0,0
COLMENAR DE OREJA,MADRID,-3.45617169230769,40.0819538461539,65,0,0
CONDADO DE CASTILNOVO,SEGOVIA,-3.7491375,41.24745,4,0,0
CONGOSTO,LEON,-6.518504,42.5948866666667,15,0,0
CONQUISTA,CORDOBA,-4.49902,38.4073,2,0,0
CONSUEGRA,TOLEDO,-3.62059651162791,39.4636387596899,129,0,0
COOMONTE,ZAMORA,-5.81714,42.11395,2,0,0
CORCUBION,A CORUNYA,-9.19527857142857,42.9370071428572,14,0,0
CORDUENTE,GUADALAJARA,-1.9955875,40.83423125,16,0,0
CORGO O,LUGO,-7.43380307692308,42.9330512820513,78,0,0
CORISTANCO,A CORUNYA,-8.77297402777778,43.1659638888889,72,0,0
CORPA,MADRID,-3.264385,40.4245833333333,6,0,0
CORRAL DE ALMAGUER,TOLEDO,-3.17175711111111,39.7562488888889,45,0,0
CORRAL DE AYLLON,SEGOVIA,-3.45886,41.3883,1,0,0
CORRAL DE CALATRAVA,CIUDAD REAL,-4.06708307692308,38.8676076923077,13,0,0
CORTEGADA,OURENSE,-8.15385666666666,42.2051833333333,18,0,0
CORTIJOS LOS,CIUDAD REAL,-4.050795,39.30975,12,0,0
CORULLON,LEON,-6.83136055555556,42.5763944444444,18,0,0
CORUNYA A,A CORUNYA,-8.41036617577197,43.3541049881235,842,0,0
COSLADA,MADRID,-3.5515063507109,40.4272483412322,211,0,0
COTOBADE,PONTEVEDRA,-8.51922114285714,42.4867657142857,35,0,0
COVELO,PONTEVEDRA,-8.328875,42.2446166666667,6,0,0
COZAR,CIUDAD REAL,-3.08255166666667,38.6606833333333,6,0,0
COZUELOS DE FUENTIDUENYA,SEGOVIA,-4.09729,41.3898,1,0,0
CRECENTE,PONTEVEDRA,-8.22164083333333,42.1679138888889,36,0,0
CUALEDRO,OURENSE,-7.581204,41.97345,20,0,0
CUBILLO,SEGOVIA,-3.90916,41.1225,1,0,0
CUBILLOS DEL SIL,LEON,-6.58370558823529,42.6270529411765,34,0,0
CUBO DE BENAVENTE,ZAMORA,-6.16443,42.1217,1,0,0
CUELLAR,SEGOVIA,-4.31161074074074,41.3952148148148,81,0,0
CUENCA,CUENCA,-2.0959725,40.15615,4,0,0
CUEVAS DE PROVANCO,SEGOVIA,-3.96184,41.5408,1,0,0
CULLEREDO,A CORUNYA,-8.38640284263959,43.3005685279188,197,0,0
CUNTIS,PONTEVEDRA,-8.57123962962963,42.6425888888889,27,0,0
CURTIS,A CORUNYA,-8.06088260273972,43.1331178082192,73,0,0
DAIMIEL,CIUDAD REAL,-3.61310679054054,39.0684486486487,296,0,0
DESTRIANA,LEON,-6.08014888888889,42.3244222222222,9,0,0
DODRO,A CORUNYA,-8.70816772727273,42.7215136363637,22,0,0
DOMINGO GARCIA,SEGOVIA,-4.37755,41.1138,1,0,0
DONHIERRO,SEGOVIA,-4.69424,41.1153,2,0,0
DOSBARRIOS,TOLEDO,-3.479191,39.8862,10,0,0
DOZON,PONTEVEDRA,-8.040724,42.5931885714286,35,0,0
DRIEBES,GUADALAJARA,-3.026388,40.23702,5,0,0
DUMBRIA,A CORUNYA,-9.09367086956522,42.9868086956522,46,0,0
DURON,GUADALAJARA,-2.718974,40.61673,10,0,0
DURUELO,SEGOVIA,-3.64768142857143,41.2246071428571,14,0,0
EMBID,GUADALAJARA,-1.71065,40.9699,1,0,0
ENCINAS,SEGOVIA,-3.66864,41.3739,1,0,0
ENCINEDO,LEON,-6.58351777777778,42.2734444444444,9,0,0
ENCINILLAS,SEGOVIA,-4.15848333333333,41.0142166666667,6,0,0
ENTRIMO,OURENSE,-8.12885272727273,41.9304590909091,22,0,0
ESCALONA,TOLEDO,-4.40849230769231,40.1622019230769,52,0,0
ESCALONA DEL PRADO,SEGOVIA,-4.12083333333333,41.1666,3,0,0
ESCAMILLA,GUADALAJARA,-2.56327,40.5483,1,0,0
ESCARABAJOSA DE CABEZAS,SEGOVIA,-4.194205,41.10315,2,0,0
ESCARICHE,GUADALAJARA,-3.05514666666667,40.4077333333333,3,0,0
ESCOBAR DE POLENDOS,SEGOVIA,-4.11368,41.097,5,0,0
ESCOPETE,GUADALAJARA,-3.006945,40.41925,2,0,0
ESGOS,OURENSE,-7.70051,42.329892,25,0,0
ESPADANYEDO,ZAMORA,-6.408435,42.11515,6,0,0
ESPINAR EL,SEGOVIA,-4.22249069767442,40.7379968992248,129,0,0
ESPIRDO,SEGOVIA,-4.07048565217391,40.9957,23,0,0
ESPLEGARES,GUADALAJARA,-2.37176,40.8567,1,0,0
ESQUIVIAS,TOLEDO,-3.76694527272727,40.1022690909091,55,0,0
ESTABLES,GUADALAJARA,-2.015415,41.0161,2,0,0
ESTRADA A,PONTEVEDRA,-8.46468129554655,42.6965975708502,247,0,0
FABERO,LEON,-6.62275192307692,42.7718538461538,26,0,0
FENE,A CORUNYA,-8.17146697368421,43.4641368421053,76,0,0
FERNAN CABALLERO,CIUDAD REAL,-3.91014736842105,39.1321210526316,19,0,0
FERRERAS DE ARRIBA,ZAMORA,-6.20085,41.9173666666667,3,0,0
FERROL,A CORUNYA,-8.23444210332104,43.4929966789668,271,0,0
FISTERRA,A CORUNYA,-9.26090684210527,42.9242105263158,38,0,0
FOLGOSO DE LA RIBERA,LEON,-6.33651818181818,42.6436454545455,11,0,0
FOLGOSO DO COUREL,LUGO,-7.17031631578948,42.6198,38,0,0
FONSAGRADA A,LUGO,-7.02693,43.028,1,0,0
FONTANAREJO,CIUDAD REAL,-4.52138666666667,39.2143,3,0,0
FORCAREI,PONTEVEDRA,-8.33238311688312,42.5714831168831,77,0,0
FRADES,A CORUNYA,-8.26463391304348,43.0274391304348,23,0,0
FRESNEDA DE LA SIERRA,CUENCA,-2.14187,40.3894,1,0,0
FRESNO DE CANTESPINO,SEGOVIA,-3.49990277777778,41.3553888888889,18,0,0
FRESNO DE LA FUENTE,SEGOVIA,-3.643595,41.39005,2,0,0
FRIOL,LUGO,-7.81187826530612,43.0359775510204,98,0,0
FRONTERA LA,CUENCA,-2.21888,40.4021,1,0,0
FRUMALES,SEGOVIA,-4.186015,41.38265,2,0,0
FUEMBELLIDA,GUADALAJARA,-1.99925,40.7552,1,0,0
FUENLLANA,CIUDAD REAL,-2.95977,38.7542,1,0,0
FUENSALIDA,TOLEDO,-4.207630625,40.05236640625,128,0,0
FUENTE DE SANTA CRUZ,SEGOVIA,-4.63583,41.2075,1,0,0
FUENTE EL FRESNO,CIUDAD REAL,-3.81301906976744,39.2439558139535,43,0,0
FUENTE EL OLMO DE FUENTIDUENYA,SEGOVIA,-4.00072666666667,41.3933666666667,3,0,0
FUENTE ENCALADA,ZAMORA,-5.9942,42.1099,1,0,0
FUENTELENCINA,GUADALAJARA,-2.88156333333333,40.5162666666667,3,0,0
FUENTELESPINO DE MOYA,CUENCA,-1.46951,39.9198,1,0,0
FUENTELSAZ,GUADALAJARA,-1.830935,41.0732,2,0,0
FUENTELVIEJO,GUADALAJARA,-3.01192,40.5274,1,0,0
FUENTENAVA DE JABAGA,CUENCA,-2.27345466666667,40.10358,15,0,0
FUENTENOVILLA,GUADALAJARA,-3.11487833333333,40.3640833333333,6,0,0
FUENTEPINYEL,SEGOVIA,-4.04291,41.39945,2,0,0
FUENTERREBOLLO,SEGOVIA,-3.928275,41.293025,4,0,0
FUENTESAUCO DE FUENTIDUENYA,SEGOVIA,-4.0609,41.4203,2,0,0
FUENTESOTO,SEGOVIA,-3.90979333333333,41.4450333333333,3,0,0
FUENTIDUENYA,SEGOVIA,-3.97406666666667,41.4372666666667,3,0,0
GALENDE,ZAMORA,-6.6821844,42.10858,25,0,0
GALLEGOS,SEGOVIA,-3.78853,41.0727,1,0,0
GARABALLA,CUENCA,-1.37698,39.8142,1,0,0
GARCILLAN,SEGOVIA,-4.26798375,40.97945,8,0,0
GASCUENYA,CUENCA,-2.11791333333333,40.1110333333333,3,0,0
GETAFE,MADRID,-3.67421044247788,40.3146619469027,113,0,0
GOMESENDE,OURENSE,-8.10127947368421,42.1833684210526,19,0,0
GOMEZSERRACIN,SEGOVIA,-4.31683,41.3042,1,0,0
GONDOMAR,PONTEVEDRA,-8.75327662337662,42.1182571428572,77,0,0
GRAJA DE CAMPALBO,CUENCA,-1.27332333333333,39.8953333333333,3,0,0
GRAJERA,SEGOVIA,-3.614349,41.37343,10,0,0
GRANATULA DE CALATRAVA,CIUDAD REAL,-3.72550647058824,38.7802823529412,17,0,0
GROVE O,PONTEVEDRA,-8.87809435897436,42.4820512820513,78,0,0
GUADALAJARA,GUADALAJARA,-3.16228314606741,40.6300239700375,267,0,0
GUADALMEZ,CIUDAD REAL,-4.97338571428571,38.7206714285714,7,0,0
GUARDA A,PONTEVEDRA,-8.86664757575758,41.9002878787879,66,0,0
GUARDIA LA,TOLEDO,-3.47453833333333,39.7866916666667,12,0,0
GUDINYA A,OURENSE,-7.1602584,42.047296,25,0,0
GUITIRIZ,LUGO,-7.879204,43.21699,60,0,0
GUNTIN,LUGO,-7.66564333333333,42.9007771929825,57,0,0
HELECHOSA DE LOS MONTES,BADAJOZ,-4.77671,39.3242,1,0,0
HENAREJOS,CUENCA,-1.48502,39.8654,1,0,0
HENCHE,GUADALAJARA,-2.70433,40.713,1,0,0
HERENCIA,CIUDAD REAL,-3.35751206896552,39.3607885057471,87,0,0
HERMISENDE,ZAMORA,-6.90323375,41.9831125,8,0,0
HERRERIA,GUADALAJARA,-1.95956,40.8877,1,0,0
HINOJOSAS DE CALATRAVA,CIUDAD REAL,-4.142762,38.61066,5,0,0
HOMBRADOS,GUADALAJARA,-1.68522,40.8005,1,0,0
HONTALBILLA,SEGOVIA,-4.11351333333333,41.3439,3,0,0
HONTANARES DE ERESMA,SEGOVIA,-4.20532571428571,40.9857142857143,14,0,0
HONTOBA,GUADALAJARA,-3.02301058823529,40.4588117647059,17,0,0
HORCAJO DE LOS MONTES,CIUDAD REAL,-4.660655,39.3242,14,0,0
HORCHE,GUADALAJARA,-3.09768,40.5903,1,0,0
HORTEZUELA DE OCEN,GUADALAJARA,-2.4149,40.9523,1,0,0
HOSPITAL DE ORBIGO,LEON,-5.87965666666667,42.4619083333333,12,0,0
HUECAS,TOLEDO,-4.20076619047619,40.023880952381,21,0,0
HUELAMO,CUENCA,-1.804905,40.2867,2,0,0
HUERGUINA,CUENCA,-1.61015,40.04,1,0,0
HUERTA DE LA OBISPALIA,CUENCA,-2.47859,39.9896,1,0,0
HUERTA DE VALDECARABANOS,TOLEDO,-3.61229384615385,39.8627692307692,13,0,0
HUERTA DEL MARQUESADO,CUENCA,-1.690135,40.1436,2,0,0
HUERTAHERNANDO,GUADALAJARA,-2.286,40.8237,1,0,0
HUERTOS LOS,SEGOVIA,-4.21799,41.00985,2,0,0
HUETE,CUENCA,-2.61641909090909,40.1798636363636,11,0,0
HUEVA,GUADALAJARA,-2.98137,40.45665,2,0,0
IGUENYA,LEON,-6.24040333333333,42.7147333333333,12,0,0
ILLANA,GUADALAJARA,-3.01145866666667,40.1752466666667,15,0,0
ILLESCAS,TOLEDO,-3.83918767705382,40.1381042492918,353,0,0
INCIO O,LUGO,-7.37291538461538,42.6787653846154,52,0,0
INIESTOLA,GUADALAJARA,-2.36983,40.9934,1,0,0
INVIERNAS LAS,GUADALAJARA,-2.66973,40.8721,1,0,0
IRIXO O,OURENSE,-8.13468531914894,42.5114170212766,47,0,0
IRIXOA,A CORUNYA,-8.07648333333333,43.2842185185185,27,0,0
ITUERO Y LAMA,SEGOVIA,-4.368271,40.78181,10,0,0
JUARROS DE RIOMOROS,SEGOVIA,-4.30598,40.9457,1,0,0
JUARROS DE VOLTOYA,SEGOVIA,-4.518965,41.0305,2,0,0
JUSTEL,ZAMORA,-6.26914333333333,42.1469,3,0,0
LABAJOS,SEGOVIA,-4.51789,40.8408,4,0,0
LABORES LAS,CIUDAD REAL,-3.53684333333333,39.2579111111111,9,0,0
LAGUNA DALGA,LEON,-5.74621076923077,42.3197923076923,13,0,0
LAGUNA DE CONTRERAS,SEGOVIA,-4.017125,41.4851,2,0,0
LAGUNA DE NEGRILLOS,LEON,-5.65784979166667,42.2369541666667,48,0,0
LAGUNA DEL MARQUESADO,CUENCA,-1.67184,40.1763,1,0,0
LALIN,PONTEVEDRA,-8.127953125,42.6707849264706,272,0,0
LAMA A,PONTEVEDRA,-8.3691,42.4211363636364,11,0,0
LANCARA,LUGO,-7.34395549019608,42.8457352941176,51,0,0
LANDETE,CUENCA,-1.36462,39.9064615384615,13,0,0
LANGUILLA,SEGOVIA,-3.414555,41.444,2,0,0
LARACHA A,A CORUNYA,-8.61210625,43.3067625,8,0,0
LAROUCO,OURENSE,-7.158375,42.355725,4,0,0
LASTRAS DEL POZO,SEGOVIA,-4.32183,40.8864333333333,3,0,0
LASTRILLA LA,SEGOVIA,-4.09813555555556,40.9661027777778,36,0,0
LAXE,A CORUNYA,-9.00786,43.204184,25,0,0
LAZA,OURENSE,-7.46620652173913,42.078,23,0,0
LEIRO,OURENSE,-8.14218083333333,42.3680125,24,0,0
LILLO,TOLEDO,-3.3115425,39.724585,20,0,0
LLAMAS DE LA RIBERA,LEON,-5.83196090909091,42.6326636363636,11,0,0
LLANOS DEL CAUDILLO,CIUDAD REAL,-3.362364,39.11714,5,0,0
LOBEIRA,OURENSE,-8.03963681818182,41.9828045454545,22,0,0
LOBIOS,OURENSE,-8.08407216216216,41.8963,37,0,0
LOECHES,MADRID,-3.41629870689655,40.3888543103448,116,0,0
LOMINCHAR,TOLEDO,-3.96837942857143,40.0888257142857,35,0,0
LORANCA DE TAJUNYA,GUADALAJARA,-3.11597375,40.4441,8,0,0
LOSA LA,SEGOVIA,-4.15818833333333,40.8531,6,0,0
LOUSAME,A CORUNYA,-8.83758097560976,42.7692365853659,41,0,0
LUBIAN,ZAMORA,-6.89764833333333,42.03945,6,0,0
LUCIANA,CIUDAD REAL,-4.32673333333333,38.9964666666667,3,0,0
LUCILLO,LEON,-6.34791777777778,42.3974666666667,9,0,0
LUGO,LUGO,-7.45164545454546,43.0041636363636,11,0,0
LUPIANA,GUADALAJARA,-3.061724,40.6038,5,0,0
LUYEGO,LEON,-6.21439,42.3427222222222,9,0,0
LUZAGA,GUADALAJARA,-2.44235,40.97465,2,0,0
LUZON,GUADALAJARA,-2.27857,41.0271,1,0,0
MACEDA,OURENSE,-7.6301175,42.2677333333333,60,0,0
MADERUELO,SEGOVIA,-3.52326,41.4858,1,0,0
MADRID,MADRID,-3.64780222572815,40.4204665776699,4120,0,0
MADRIDEJOS,TOLEDO,-3.53150032258064,39.4819798387097,124,0,0
MAGAZ DE CEPEDA,LEON,-6.1075,42.5989,1,0,0
MAIRE DE CASTROPONCE,ZAMORA,-5.779575,42.10625,2,0,0
MAJADAS LAS,CUENCA,-2.022,40.29605,2,0,0
MALAGON,CIUDAD REAL,-3.88304849056604,39.180929245283,106,0,0
MALPICA DE BERGANTINYOS,A CORUNYA,-8.81543033898305,43.3014576271187,59,0,0
MANTIEL,GUADALAJARA,-2.67497,40.62055,2,0,0
MANYON,A CORUNYA,-7.7194652,43.685384,25,0,0
MANZANAL DE ARRIBA,ZAMORA,-6.446,41.9672,9,0,0
MANZANAL DE LOS INFANTES,ZAMORA,-6.36225857142857,42.0664857142857,7,0,0
MANZANARES,CIUDAD REAL,-3.37613861445783,39.0081957831325,166,0,0
MANZANEDA,OURENSE,-7.20166913043478,42.2817217391304,23,0,0
MANZANEQUE,TOLEDO,-3.78945444444444,39.6409444444444,9,0,0
MARANCHON,GUADALAJARA,-2.14950714285714,41.0451571428571,7,0,0
MARAZOLEJA,SEGOVIA,-4.34029,40.9613,1,0,0
MARAZUELA,SEGOVIA,-4.36595,40.9803,1,0,0
MARIANA,CUENCA,-2.11691,40.1774166666667,6,0,0
MARIN,PONTEVEDRA,-8.70800666666667,42.3783257142857,105,0,0
MARJALIZA,TOLEDO,-3.925672,39.56496,5,0,0
MARTIN MIGUEL,SEGOVIA,-4.272175,40.94835,2,0,0
MARTIN MUNYOZ DE LA DEHESA,SEGOVIA,-4.690772,41.0585,5,0,0
MARTIN MUNYOZ DE LAS POSADAS,SEGOVIA,-4.600676,40.995,5,0,0
MARUGAN,SEGOVIA,-4.388934,40.877285,20,0,0
MASEGOSO DE TAJUNYA,GUADALAJARA,-2.70034,40.8233333333333,3,0,0
MASIDE,OURENSE,-8.02499837209302,42.4157046511628,43,0,0
MATABUENA,SEGOVIA,-3.75761333333333,41.0987333333333,3,0,0
MATILLA LA,SEGOVIA,-3.812885,41.1712,2,0,0
MAZARETE,GUADALAJARA,-2.16619333333333,40.9848666666667,3,0,0
MAZARICOS,A CORUNYA,-8.99348181818182,42.9284805194805,77,0,0
MAZUECOS,GUADALAJARA,-3.0116325,40.2625,4,0,0
MEANYO,PONTEVEDRA,-8.79555857142857,42.4534023809524,42,0,0
MEDINACELI,SORIA,-2.42966166666667,41.1509777777778,18,0,0
MEGINA,GUADALAJARA,-1.86835,40.6388,1,0,0
MEIS,PONTEVEDRA,-8.72120814814815,42.5059814814815,54,0,0
MEJORADA DEL CAMPO,MADRID,-3.4853175,40.3913682692308,104,0,0
MELIDE,A CORUNYA,-8.02966333333334,42.9268245614035,57,0,0
MELQUE DE CERCOS,SEGOVIA,-4.46957,41.0488,1,0,0
MEMBIBRE DE LA HOZ,SEGOVIA,-4.09571,41.4475,1,0,0
MEMBRILLA,CIUDAD REAL,-3.34248613636364,38.9392931818182,44,0,0
MENTRIDA,TOLEDO,-4.19168610169492,40.2391762711864,59,0,0
MERCA A,OURENSE,-7.89744411764706,42.2088676470588,34,0,0
MESIA,A CORUNYA,-8.2157834375,43.10043125,32,0,0
MESTANZA,CIUDAD REAL,-3.97331375,38.447475,8,0,0
MEZQUITA A,OURENSE,-7.02628538461539,42.0109538461538,13,0,0
MIGUELANYEZ,SEGOVIA,-4.36396,41.12095,2,0,0
MIGUELTURRA,CIUDAD REAL,-3.88873040816327,38.9662013605442,147,0,0
MILLANA,GUADALAJARA,-2.56508,40.50805,2,0,0
MILMARCOS,GUADALAJARA,-1.87473,41.0847,2,0,0
MINYO,A CORUNYA,-8.19602072289156,43.3570024096386,83,0,0
MINYO DE MEDINACELI,SORIA,-2.52846571428571,41.1902,7,0,0
MOANYA,PONTEVEDRA,-8.7260978,42.28699,100,0,0
MOCHALES,GUADALAJARA,-2.01412,41.0959,1,0,0
MOECHE,A CORUNYA,-7.9834588,43.562984,25,0,0
MOLEZUELAS DE LA CARBALLEDA,ZAMORA,-6.18511,42.0823,1,0,0
MOLINA DE ARAGON,GUADALAJARA,-1.8766445,40.8436875,40,0,0
MOLINASECA,LEON,-6.4944525,42.5352916666667,12,0,0
MOMBUEY,ZAMORA,-6.32622,42.0147285714286,7,0,0
MONFERO,A CORUNYA,-8.01205849056604,43.3456849056604,53,0,0
MONFORTE DE LEMOS,LUGO,-7.51594494047619,42.5299303571429,168,0,0
MONTEDERRAMO,OURENSE,-7.51539707317073,42.2961195121951,41,0,0
MONTEJO DE AREVALO,SEGOVIA,-4.6614,41.1379,1,0,0
MONTEJO DE LA VEGA DE LA SERREZUELA,SEGOVIA,-3.65456,41.54785,2,0,0
MONTERREI,OURENSE,-7.50460961538461,41.9406,26,0,0
MONTERROSO,LUGO,-7.81576690140845,42.8090225352113,71,0,0
MONTERRUBIO,SEGOVIA,-4.35223,40.8475,1,0,0
MONTIEL,CIUDAD REAL,-2.865173,38.69331,10,0,0
MORA,TOLEDO,-3.7714481443299,39.6889577319588,97,0,0
MORAL DE CALATRAVA,CIUDAD REAL,-3.58592791666667,38.8144583333333,48,0,0
MORAL DE HORNUEZ,SEGOVIA,-3.61329,41.4645,1,0,0
MORANYA,PONTEVEDRA,-8.58484933333333,42.5767244444444,45,0,0
MORATA DE TAJUNYA,MADRID,-3.4402834,40.227512,50,0,0
MORATILLA DE LOS MELEROS,GUADALAJARA,-2.946254,40.50538,5,0,0
MORENILLA,GUADALAJARA,-1.70857,40.7862,1,0,0
MOS,PONTEVEDRA,-8.63092518181818,42.1981563636364,110,0,0
MOYA,CUENCA,-1.371675,39.9467833333333,6,0,0
MOZONCILLO,SEGOVIA,-4.18542333333333,41.14305,6,0,0
MUELAS DE LOS CABALLEROS,ZAMORA,-6.3481,42.122225,4,0,0
MUGARDOS,A CORUNYA,-8.2437319047619,43.4532404761905,42,0,0
MUINYOS,OURENSE,-7.96238945945946,41.9535297297297,37,0,0
MUNYOPEDRO,SEGOVIA,-4.4546,40.8650444444444,9,0,0
MUNYOVEROS,SEGOVIA,-3.95316,41.1704,1,0,0
MURIAS DE PAREDES,LEON,-6.17560333333333,42.8343266666667,15,0,0
MUROS,A CORUNYA,-9.03907792207792,42.787961038961,77,0,0
MUXIA,A CORUNYA,-9.19167185714286,43.0652228571429,70,0,0
NARON,A CORUNYA,-8.19054279475982,43.5130855895197,229,0,0
NAVA DE LA ASUNCION,SEGOVIA,-4.4965928,41.14874,25,0,0
NAVAFRIA,SEGOVIA,-3.82206,41.04924,5,0,0
NAVALILLA,SEGOVIA,-3.93303,41.3421,1,0,0
NAVALPINO,CIUDAD REAL,-4.61093666666667,39.2559333333333,3,0,0
NAVARES DE AYUSO,SEGOVIA,-3.70839,41.373,1,0,0
NAVARES DE ENMEDIO,SEGOVIA,-3.728085,41.3829,2,0,0
NAVARES DE LAS CUEVAS,SEGOVIA,-3.75088,41.4129,1,0,0
NAVAS DE ESTENA,CIUDAD REAL,-4.526185,39.49215,4,0,0
NAVAS DE ORO,SEGOVIA,-4.43793583333333,41.1923416666667,12,0,0
NAVAS DE RIOFRIO,SEGOVIA,-4.14015,40.8598666666667,12,0,0
NAVAS DE SAN ANTONIO,SEGOVIA,-4.32902375,40.7583125,8,0,0
NAVIA DE SUARNA,LUGO,-6.98651357142857,42.9575053571429,56,0,0
NEDA,A CORUNYA,-8.14158,43.4991037037037,27,0,0
NEGREIRA,A CORUNYA,-8.7778162,42.909737,100,0,0
NEVES AS,PONTEVEDRA,-8.41128333333334,42.1121027777778,36,0,0
NIEVA,SEGOVIA,-4.42466,41.0819,1,0,0
NIGRAN,PONTEVEDRA,-8.80252301724138,42.1396474137931,116,0,0
NOBLEJAS,TOLEDO,-3.43812243243243,39.9780756756757,37,0,0
NOCEDA DEL BIERZO,LEON,-6.40408,42.7065111111111,9,0,0
NOGAIS AS,LUGO,-7.10240432432433,42.7762351351351,37,0,0
NOGUEIRA DE RAMUIN,OURENSE,-7.7237032,42.398506,50,0,0
NOIA,A CORUNYA,-8.88447582417582,42.7883692307693,91,0,0
NOMBELA,TOLEDO,-4.503778,40.1544,5,0,0
NUEVO BAZTAN,MADRID,-3.26105970588235,40.3652588235294,34,0,0
NUMANCIA DE LA SAGRA,TOLEDO,-3.85495176470588,40.0805647058824,68,0,0
NUNYO GOMEZ,TOLEDO,-4.61595,40.11465,2,0,0
OCANYA,TOLEDO,-3.50649272727273,39.9543531468532,143,0,0
OCENTEJO,GUADALAJARA,-2.39825,40.7703,1,0,0
OENCIA,LEON,-6.98212363636364,42.5432818181818,11,0,0
OIA,PONTEVEDRA,-8.86779970588235,42.0275441176471,34,0,0
OIMBRA,OURENSE,-7.49267923076923,41.8745615384615,13,0,0
OLEIROS,A CORUNYA,-8.34359346153846,43.3397884615385,208,0,0
OLIVAR EL,GUADALAJARA,-2.737035,40.6025,2,0,0
OLMEDA DE COBETA,GUADALAJARA,-2.19342666666667,40.8468666666667,3,0,0
OLMEDA DE LA CUESTA,CUENCA,-2.47777,40.3099,1,0,0
OLMEDA DE LAS FUENTES,MADRID,-3.22118666666667,40.3680333333333,3,0,0
OLMEDILLA DE ELIZ,CUENCA,-2.41965,40.3031,1,0,0
OLOMBRADA,SEGOVIA,-4.16031333333333,41.41405,6,0,0
OMANYAS LAS,LEON,-5.84888,42.6757833333333,6,0,0
ONTIGOLA,TOLEDO,-3.58217315789474,39.9938526315789,114,0,0
ONZONILLA,LEON,-5.61073,42.4937,1,0,0
ORDES,A CORUNYA,-8.40509094488189,43.0870362204724,127,0,0
OREA,GUADALAJARA,-1.7257,40.54405,4,0,0
OREJANA,SEGOVIA,-3.77034,41.156825,4,0,0
ORGAZ,TOLEDO,-3.89622519230769,39.6401211538462,52,0,0
OROSO,A CORUNYA,-8.42175215384616,42.9880246153846,65,0,0
ORTIGOSA DE PESTANYO,SEGOVIA,-4.397605,41.08395,2,0,0
ORTIGOSA DEL MONTE,SEGOVIA,-4.16982909090909,40.8351272727273,11,0,0
ORTIGUEIRA,A CORUNYA,-7.8315700877193,43.6689657894737,114,0,0
ORUSCO DE TAJUNYA,MADRID,-3.20713315789474,40.2819842105263,19,0,0
OSSA DE MONTIEL,ALBACETE,-2.86111,38.9544,1,0,0
OTERO DE BODAS,ZAMORA,-6.185884,41.95146,5,0,0
OTERO DE HERREROS,SEGOVIA,-4.20551,40.8161277777778,18,0,0
OURENSE,OURENSE,-7.87183167048055,42.3419391304348,437,0,0
OUTES,A CORUNYA,-8.91981686746988,42.8420373493976,83,0,0
OZA DOS RIOS,A CORUNYA,-8.17083431372549,43.208137254902,51,0,0
PADERNE,A CORUNYA,-8.171312,43.301132,25,0,0
PADERNE DE ALLARIZ,OURENSE,-7.74366384615385,42.2826461538462,26,0,0
PADRENDA,OURENSE,-8.18201076923077,42.1502923076923,13,0,0
PADRON,A CORUNYA,-8.64428093333333,42.753288,75,0,0
PAJAREJOS,SEGOVIA,-3.59018,41.3887,1,0,0
PALACIOS DE LA VALDUERNA,LEON,-5.9485375,42.315575,4,0,0
PALACIOS DE SANABRIA,ZAMORA,-6.542498,42.05764,5,0,0
PALACIOS DEL SIL,LEON,-6.42191923076923,42.8656384615385,13,0,0
PALAS DE REI,LUGO,-7.87443918604651,42.8889662790698,86,0,0
PALAZUELOS DE ERESMA,SEGOVIA,-4.06163873015873,40.9224063492064,63,0,0
PALOMEQUE,TOLEDO,-3.97700409090909,40.1308636363636,22,0,0
PANTOJA,TOLEDO,-3.8406025,40.0410375,24,0,0
PANTON,LUGO,-7.64684578125,42.5064140625,64,0,0
PARADA DE SIL,OURENSE,-7.5502962962963,42.3634074074074,27,0,0
PARADELA,LUGO,-7.577375,42.7493096153846,52,0,0
PARAMO DEL SIL,LEON,-6.51604045454545,42.8094409090909,22,0,0
PARAMO O,LUGO,-7.53019266666667,42.8275033333333,30,0,0
PARDOS,GUADALAJARA,-1.92412,40.9476,1,0,0
PAREDES DE ESCALONA,TOLEDO,-4.42998,40.2044333333333,3,0,0
PAREJA,GUADALAJARA,-2.68615352941176,40.5466352941176,17,0,0
PASTRANA,GUADALAJARA,-2.92339368421053,40.4076421052632,19,0,0
PAZOS DE BORBEN,PONTEVEDRA,-8.57454615384616,42.2619076923077,13,0,0
PEDRAFITA DO CEBREIRO,LUGO,-7.07599181818182,42.6930424242424,33,0,0
PEDRALBA DE LA PRADERIA,ZAMORA,-6.673784,41.98702,5,0,0
PEDRAZA,SEGOVIA,-3.80843714285714,41.1344285714286,7,0,0
PEDREGAL EL,GUADALAJARA,-1.5719,40.7783,1,0,0
PEDRO MUNYOZ,CIUDAD REAL,-2.94475891566265,39.3982096385542,83,0,0
PELAHUSTAN,TOLEDO,-4.59530666666667,40.1775,6,0,0
PELAYOS DEL ARROYO,SEGOVIA,-3.95557333333333,41.0523333333333,3,0,0
PEQUE,ZAMORA,-6.27484,42.0706,1,0,0
PERALEJA LA,CUENCA,-2.55542,40.2326666666667,3,0,0
PERALEJOS DE LAS TRUCHAS,GUADALAJARA,-1.909265,40.5926,2,0,0
PERALES DE TAJUNYA,MADRID,-3.350098,40.217215,20,0,0
PERALVECHE,GUADALAJARA,-2.44986,40.6106,1,0,0
PERANZANES,LEON,-6.63181333333333,42.8641166666667,6,0,0
PEREIRO DE AGUIAR O,OURENSE,-7.79006673913044,42.3373423913043,92,0,0
PEROSILLO,SEGOVIA,-4.14243,41.3917,1,0,0
PEROXA A,OURENSE,-7.79293627906977,42.4485186046512,43,0,0
PETIN,OURENSE,-7.10913,42.37210625,16,0,0
PEZUELA DE LAS TORRES,MADRID,-3.16826875,40.4161,8,0,0
PIAS,ZAMORA,-6.995668,42.0846,5,0,0
PICON,CIUDAD REAL,-4.05666,39.0508272727273,11,0,0
PIEDRABUENA,CIUDAD REAL,-4.19971,39.0366621212121,66,0,0
PINAREJOS,SEGOVIA,-4.293535,41.25835,2,0,0
PINARNEGRILLO,SEGOVIA,-4.2111,41.1908,1,0,0
PINEDA DE GIGUELA,CUENCA,-2.540305,40.0832,2,0,0
PINILLA DE MOLINA,GUADALAJARA,-1.88141,40.6793,1,0,0
PINO O,A CORUNYA,-8.27622363636364,42.9565590909091,22,0,0
PINTO,MADRID,-3.68556787878788,40.2579151515151,33,0,0
PINYOR,OURENSE,-8.00977794117647,42.5157705882353,34,0,0
PIQUERAS,GUADALAJARA,-1.72211,40.663,1,0,0
POBLADURA DE PELAYO GARCIA,LEON,-5.68223166666667,42.3014291666667,24,0,0
POBLADURA DEL VALLE,ZAMORA,-5.7343475,42.10235,4,0,0
POBLETE,CIUDAD REAL,-3.97605526315789,38.9373789473684,38,0,0
POBO DE DUENYAS EL,GUADALAJARA,-1.645865,40.77845,2,0,0
POBRA DE TRIVES A,OURENSE,-7.26560617647059,42.3354,34,0,0
POBRA DO BROLLON A,LUGO,-7.38010266666666,42.5602644444444,45,0,0
POBRA DO CARAMINYAL A,A CORUNYA,-8.94196396551724,42.6053517241379,58,0,0
POIO,PONTEVEDRA,-8.68852155963303,42.4326577981652,109,0,0
PONFERRADA,LEON,-6.60364188095238,42.5476611904762,420,0,0
PONTEAREAS,PONTEVEDRA,-8.47837333333333,42.1681333333333,3,0,0
PONTECESO,A CORUNYA,-8.88948677419355,43.2584467741935,62,0,0
PONTECESURES,PONTEVEDRA,-8.651698,42.71818,15,0,0
PONTEDEUME,A CORUNYA,-8.16757846153846,43.4000365384615,52,0,0
PONTEDEVA,OURENSE,-8.153268,42.17402,5,0,0
PONTES DE GARCIA RODRIGUEZ AS,A CORUNYA,-7.86425122222222,43.4517222222222,90,0,0
PONTEVEDRA,PONTEVEDRA,-8.63495615201901,42.4308653206651,421,0,0
PORQUEIRA,OURENSE,-7.843231875,42.01794375,16,0,0
PORRINYO O,PONTEVEDRA,-8.62430224137931,42.1372896551724,174,0,0
PORTALRUBIO DE GUADAMEJUD,CUENCA,-2.60617,40.2705,1,0,0
PORTAS,PONTEVEDRA,-8.66985166666667,42.5661633333333,30,0,0
PORTILLA,CUENCA,-2.08095,40.2945,2,0,0
PORTILLO DE TOLEDO,TOLEDO,-4.2280525,40.064165,20,0,0
PORTO,ZAMORA,-6.908775,42.16155,2,0,0
PORTO DO SON,A CORUNYA,-8.98962662921348,42.7036101123596,89,0,0
PORTOMARIN,LUGO,-7.67249755102041,42.8193285714286,49,0,0
PORZUNA,CIUDAD REAL,-4.19822573529412,39.1935632352941,68,0,0
POZUELO DE CALATRAVA,CIUDAD REAL,-3.82861247058824,38.9086129411765,85,0,0
POZUELO DEL PARAMO,LEON,-5.76388333333333,42.15865,6,0,0
POZUELO DEL REY,MADRID,-3.32005555555556,40.3651222222222,9,0,0
POZUELOS DE CALATRAVA LOS,CIUDAD REAL,-4.17251666666667,38.9231666666667,3,0,0
PRADALES,SEGOVIA,-3.69810166666667,41.4554666666667,6,0,0
PRADENA,SEGOVIA,-3.69318375,41.1433125,8,0,0
PRADOS REDONDOS,GUADALAJARA,-1.80313,40.7932666666667,3,0,0
PRAT DE LLOBREGAT EL,BARCELONA,2.1366245,41.314005,20,0,0
PRIARANZA DEL BIERZO,LEON,-6.67067,42.50874,10,0,0
PRIEGO,CUENCA,-2.3097,40.44909,10,0,0
PUEBLA DE DON RODRIGO,CIUDAD REAL,-4.59308375,39.0810375,16,0,0
PUEBLA DE MONTALBAN LA,TOLEDO,-4.31024,39.8269,1,0,0
PUEBLA DE PEDRAZA,SEGOVIA,-3.91111,41.2037,1,0,0
PUEBLA DE SANABRIA,ZAMORA,-6.62518607142857,42.0540285714286,28,0,0
PUEBLA DEL PRINCIPE,CIUDAD REAL,-2.92738142857143,38.5604142857143,7,0,0
PUERTOLLANO,CIUDAD REAL,-4.10846154150198,38.685952173913,253,0,0
PUNXIN,OURENSE,-8.009598,42.3711666666667,15,0,0
QUERO,TOLEDO,-3.22768791666667,39.5165791666667,24,0,0
QUINTANA DEL CASTILLO,LEON,-6.01675470588235,42.6508294117647,17,0,0
QUINTANA DEL MARCO,LEON,-5.85416333333333,42.2011333333333,3,0,0
QUINTANA Y CONGOSTO,LEON,-6.05114125,42.2609375,8,0,0
QUIROGA,LUGO,-7.23470434210526,42.4706157894737,76,0,0
RAIRIZ DE VEIGA,OURENSE,-7.8529446875,42.094140625,32,0,0
RAMIRAS,OURENSE,-8.03465555555555,42.1813444444445,36,0,0
RAPARIEGOS,SEGOVIA,-4.656605,41.0905,2,0,0
REAL SITIO DE SAN ILDEFONSO,SEGOVIA,-4.00999871794872,40.8987512820513,39,0,0
REBOLLO,SEGOVIA,-3.85559,41.1919,1,0,0
RECAS,TOLEDO,-3.99752351851852,40.052637037037,54,0,0
REDONDELA,PONTEVEDRA,-8.62405930769231,42.27634,130,0,0
REGUERAS DE ARRIBA,LEON,-5.86471333333333,42.2974333333333,3,0,0
RENERA,GUADALAJARA,-3.012142,40.48976,5,0,0
REQUEJO,ZAMORA,-6.74273,42.0308333333333,6,0,0
RETUERTA DEL BULLAQUE,CIUDAD REAL,-4.28360088235294,39.4314,34,0,0
RIAGUAS DE SAN BARTOLOME,SEGOVIA,-3.4893,41.4265,1,0,0
RIANXO,A CORUNYA,-8.80151795180723,42.6694325301205,83,0,0
RIAZA,SEGOVIA,-3.4626975,41.2840166666667,48,0,0
RIBA DE SAELICES,GUADALAJARA,-2.29457666666667,40.8882666666667,3,0,0
RIBADAVIA,OURENSE,-8.13110595238095,42.2977380952381,42,0,0
RIBADUMIA,PONTEVEDRA,-8.76292101694915,42.5103203389831,59,0,0
RIBAS DE SIL,LUGO,-7.30062846153846,42.4440307692308,26,0,0
RIBEIRA,A CORUNYA,-9.00340510989011,42.5610032967033,182,0,0
RIBOTA,SEGOVIA,-3.419355,41.3558,2,0,0
RIEGO DE LA VEGA,LEON,-5.97568923076923,42.3728,13,0,0
RIELLO,LEON,-6.01006547619048,42.7896785714286,42,0,0
RILLO DE GALLO,GUADALAJARA,-1.93621,40.867,1,0,0
RIOFRIO DE RIAZA,SEGOVIA,-3.4507,41.2469,1,0,0
RIONEGRO DEL PUENTE,ZAMORA,-6.223506,42.00912,5,0,0
RIOS,OURENSE,-7.27958057142857,41.96952,35,0,0
RIOSECO DE TAPIA,LEON,-5.79497142857143,42.7219857142857,7,0,0
RIVAS VACIAMADRID,MADRID,-3.53076844512195,40.3528929878049,328,0,0
ROBLEDA CERVANTES,ZAMORA,-6.59641181818182,42.0873181818182,11,0,0
ROBLEDO EL,CIUDAD REAL,-4.30069636363636,39.2187590909091,22,0,0
RODA DE ERESMA,SEGOVIA,-4.18298333333333,41.0273666666667,3,0,0
RODEIRO,PONTEVEDRA,-7.94567581081081,42.6608445945946,74,0,0
ROIS,A CORUNYA,-8.71450526315789,42.7910333333333,57,0,0
ROMERAL EL,TOLEDO,-3.44233625,39.7025375,8,0,0
ROPERUELOS DEL PARAMO,LEON,-5.79126333333333,42.23538,15,0,0
ROSAL O,PONTEVEDRA,-8.83048288461538,41.93405,52,0,0
ROSINOS DE LA REQUEJADA,ZAMORA,-6.52004416666667,42.111275,12,0,0
RUA A,OURENSE,-7.11624375,42.39524375,32,0,0
RUBIA,OURENSE,-6.91066363636364,42.4589636363636,22,0,0
RUEDA DE LA SIERRA,GUADALAJARA,-1.852875,40.9291,2,0,0
RUIDERA,CIUDAD REAL,-2.888529375,38.97735,16,0,0
SACECORBO,GUADALAJARA,-2.39870666666667,40.8249333333333,3,0,0
SACEDON,GUADALAJARA,-2.729054,40.487555,20,0,0
SACERUELA,CIUDAD REAL,-4.587618,38.9608,5,0,0
SACRAMENIA,SEGOVIA,-3.9615825,41.492125,4,0,0
SADA,A CORUNYA,-8.27062814516129,43.3490879032258,124,0,0
SAELICES DE LA SAL,GUADALAJARA,-2.32215,40.9059,1,0,0
SALCEDA DE CASELAS,PONTEVEDRA,-8.614265,42.0919166666667,6,0,0
SALINAS DEL MANZANO,CUENCA,-1.55946,40.0866,2,0,0
SALMERON,GUADALAJARA,-2.49087,40.5444,1,0,0
SALMERONCILLOS,CUENCA,-2.52526,40.51145,2,0,0
SALOBRE,ALBACETE,-2.57291,38.61232,5,0,0
SALVACANYETE,CUENCA,-1.49314181818182,40.1185818181818,11,0,0
SALVATERRA DE MINYO,PONTEVEDRA,-8.44759,42.1286117647059,17,0,0
SAMOS,LUGO,-7.30065511111111,42.7231577777778,45,0,0
SAN ADRIAN DEL VALLE,LEON,-5.72974,42.1291,1,0,0
SAN AMARO,OURENSE,-8.05734380952381,42.3718952380952,21,0,0
SAN ANDRES DEL REY,GUADALAJARA,-2.82081,40.6377,1,0,0
SAN CARLOS DEL VALLE,CIUDAD REAL,-3.2423225,38.84605,12,0,0
SAN CIBRAO DAS VINYAS,OURENSE,-7.82955022556391,42.2878218045113,133,0,0
SAN CRISTOBAL DE CUELLAR,SEGOVIA,-4.40329,41.4035,1,0,0
SAN CRISTOBAL DE LA POLANTERA,LEON,-5.9030775,42.3853416666667,12,0,0
SAN CRISTOBAL DE LA VEGA,SEGOVIA,-4.64171,41.1125,1,0,0
SAN CRISTOBAL DE SEGOVIA,SEGOVIA,-4.08495909090909,40.9509454545454,11,0,0
SAN CRISTOVO DE CEA,OURENSE,-7.96288279069767,42.4863558139535,43,0,0
SAN EMILIANO,LEON,-6.01521842105263,42.9754421052632,19,0,0
SAN ESTEBAN DE NOGALES,LEON,-5.93084,42.1592,3,0,0
SAN FERNANDO DE HENARES,MADRID,-3.52579884615385,40.4240576923077,78,0,0
SAN JUSTO,ZAMORA,-6.62526142857143,42.1436,7,0,0
SAN JUSTO DE LA VEGA,LEON,-6.01888133333333,42.44456,15,0,0
SAN LORENZO DE CALATRAVA,CIUDAD REAL,-3.82592,38.4768,1,0,0
SAN MARTIN DE LA VEGA,MADRID,-3.58783724489796,40.2177081632653,98,0,0
SAN MIGUEL DE BERNUY,SEGOVIA,-3.95168,41.3985,2,0,0
SAN PEDRO BERCIANOS,LEON,-5.73138333333333,42.4108,3,0,0
SAN PEDRO DE CEQUE,ZAMORA,-6.0722925,42.04115,4,0,0
SAN PEDRO DE GAILLOS,SEGOVIA,-3.8125975,41.227275,4,0,0
SAN PEDRO PALMICHES,CUENCA,-2.40492,40.4291,1,0,0
SAN SADURNINYO,A CORUNYA,-8.070032,43.5703,10,0,0
SAN XOAN DE RIO,OURENSE,-7.31071307692308,42.3769961538462,26,0,0
SANCEDO,LEON,-6.641456,42.65794,5,0,0
SANCHONUNYO,SEGOVIA,-4.30691363636364,41.3268818181818,11,0,0
SANDIAS,OURENSE,-7.750205,42.1153541666667,24,0,0
SANGARCIA,SEGOVIA,-4.42220666666667,40.94465,6,0,0
SANTA COLOMBA DE SOMOZA,LEON,-6.26153941176471,42.4658235294118,17,0,0
SANTA COMBA,A CORUNYA,-8.79503,43.0484725,40,0,0
SANTA CRUZ DE LA ZARZA,TOLEDO,-3.2306425,39.9905928571429,28,0,0
SANTA CRUZ DE LOS CANYAMOS,CIUDAD REAL,-2.86658,38.63635,2,0,0
SANTA CRUZ DE MOYA,CUENCA,-1.248255,39.9447166666667,6,0,0
SANTA CRUZ DE MUDELA,CIUDAD REAL,-3.46515166666667,38.64229,30,0,0
SANTA CRUZ DEL RETAMAR,TOLEDO,-4.25166901639344,40.1797459016394,61,0,0
SANTA ELENA DE JAMUZ,LEON,-5.8988,42.2487181818182,11,0,0
SANTA EUFEMIA,CORDOBA,-4.90525714285714,38.5997571428571,7,0,0
SANTA MARIA DE HUERTA,SORIA,-2.18083333333333,41.26035,6,0,0
SANTA MARIA DE LA ISLA,LEON,-5.933522,42.35984,5,0,0
SANTA MARIA DE ORDAS,LEON,-5.828215,42.7329333333333,12,0,0
SANTA MARIA DEL PARAMO,LEON,-5.74798,42.3540135135135,37,0,0
SANTA MARIA LA REAL DE NIEVA,SEGOVIA,-4.41235368421053,41.0330473684211,19,0,0
SANTA MARINA DEL REY,LEON,-5.8454625,42.49898125,16,0,0
SANTA MARTA DEL CERRO,SEGOVIA,-3.68245,41.219,2,0,0
SANTIAGO DE COMPOSTELA,A CORUNYA,-8.53433812778604,42.885817384844,673,0,0
SANTIAGO MILLAS,LEON,-6.09883166666667,42.4062666666667,6,0,0
SANTIBANYEZ DE VIDRIALES,ZAMORA,-6.00596583333333,42.08205,12,0,0
SANTISO,A CORUNYA,-8.08563730769231,42.8666192307692,26,0,0
SANTIUSTE DE PEDRAZA,SEGOVIA,-3.87864666666667,41.0944333333333,3,0,0
SANTIUSTE DE SAN JUAN BAUTISTA,SEGOVIA,-4.57323444444444,41.1592444444444,9,0,0
SANTO DOMINGO DE PIRON,SEGOVIA,-3.99396,41.04045,2,0,0
SANTO TOME DEL PUERTO,SEGOVIA,-3.5926,41.1885428571429,7,0,0
SANTORCAZ,MADRID,-3.23276777777778,40.4729111111111,9,0,0
SANTOS DE LA HUMOSA LOS,MADRID,-3.25806611111111,40.5041333333333,18,0,0
SANXENXO,PONTEVEDRA,-8.82176071038251,42.4112081967213,183,0,0
SARREAUS,OURENSE,-7.60906269230769,42.1041730769231,26,0,0
SARRIA,LUGO,-7.41872414364641,42.7751961325967,181,0,0
SAUQUILLO DE CABEZAS,SEGOVIA,-4.06997,41.1927,1,0,0
SAVINYAO O,LUGO,-7.65505558139535,42.6244313953488,86,0,0
SAYATON,GUADALAJARA,-2.850065,40.3724,2,0,0
SEBULCOR,SEGOVIA,-3.89125666666667,41.2678666666667,3,0,0
SEGOVIA,SEGOVIA,-4.11535973180077,40.9330597701149,261,0,0
SELAS,GUADALAJARA,-2.10056,40.9517,1,0,0
SENA DE LUNA,LEON,-5.94369285714286,42.9230142857143,7,0,0
SEPULVEDA,SEGOVIA,-3.75034095238095,41.2966,21,0,0
SEQUERA DE FRESNO,SEGOVIA,-3.54582,41.3671,1,0,0
SESENYA,TOLEDO,-3.67016455752212,40.1118376106195,226,0,0
SETILES,GUADALAJARA,-1.61613,40.7349,2,0,0
SIENES,GUADALAJARA,-2.60086,41.2046,1,0,0
SIGUENZA,GUADALAJARA,-2.58981,41.1729,1,0,0
SILLEDA,PONTEVEDRA,-8.28760372093023,42.7345906976744,43,0,0
SOBER,LUGO,-7.56279047619048,42.4408047619048,63,0,0
SOBRADO,A CORUNYA,-8.00786046511628,43.0515069767442,43,0,0
SOBRADO,LEON,-6.869718,42.5231,10,0,0
SOCUELLAMOS,CIUDAD REAL,-2.80407697986577,39.2799134228188,149,0,0
SOLANA DEL PINO,CIUDAD REAL,-4.12586666666667,38.5104333333333,3,0,0
SOLANA LA,CIUDAD REAL,-3.23551619047619,38.9329285714286,84,0,0
SOLANILLOS DEL EXTREMO,GUADALAJARA,-2.69791,40.7488,1,0,0
SOMOZAS AS,A CORUNYA,-7.924664,43.537615,20,0,0
SONSECA,TOLEDO,-3.96056,39.666,1,0,0
SOTILLO,SEGOVIA,-3.653605,41.2569,2,0,0
SOTILLO EL,GUADALAJARA,-2.63356,40.8803,1,0,0
SOTO DE LA VEGA,LEON,-5.895135,42.329,18,0,0
SOTO Y AMIO,LEON,-5.85866105263158,42.7729736842105,19,0,0
SOTODOSOS,GUADALAJARA,-2.39143,40.9215,1,0,0
SOTORRIBAS,CUENCA,-2.19530714285714,40.3103428571429,7,0,0
SOTOSALBOS,SEGOVIA,-3.9409375,41.0322,4,0,0
SOUTOMAIOR,PONTEVEDRA,-8.59102367346939,42.3377591836735,49,0,0
TABANERA LA LUENGA,SEGOVIA,-4.23655,41.0969,1,0,0
TABOADA,LUGO,-7.77258955882353,42.7094147058824,68,0,0
TABOADELA,OURENSE,-7.82706285714286,42.2485619047619,21,0,0
TARAVILLA,GUADALAJARA,-1.963995,40.69785,2,0,0
TARTANEDO,GUADALAJARA,-1.947442,41.02952,5,0,0
TEIXEIRA A,OURENSE,-7.480611,42.36525,10,0,0
TEJADILLOS,CUENCA,-1.63209,40.1403,2,0,0
TEMBLEQUE,TOLEDO,-3.51097210526316,39.6860157894737,19,0,0
TENDILLA,GUADALAJARA,-2.95982166666667,40.5417666666667,6,0,0
TEO,A CORUNYA,-8.55992705479452,42.8106945205479,146,0,0
TERRINCHES,CIUDAD REAL,-2.8382775,38.606375,4,0,0
TERZAGA,GUADALAJARA,-1.90314,40.6947,1,0,0
TIELMES,MADRID,-3.31356411764706,40.2454294117647,17,0,0
TIERZO,GUADALAJARA,-1.938465,40.742,2,0,0
TINAJAS,CUENCA,-2.57814,40.3252,1,0,0
TITULCIA,MADRID,-3.56321454545455,40.1418636363636,11,0,0
TOBOSO EL,TOLEDO,-2.98328,39.45435,2,0,0
TOEN,OURENSE,-7.95819542857143,42.3134571428571,35,0,0
TOLOCIRIO,SEGOVIA,-4.64791,41.1317,2,0,0
TOMELLOSO,CIUDAD REAL,-3.00667525925926,39.1692107407407,270,0,0
TOMINYO,PONTEVEDRA,-8.74104153846154,41.9850197802198,91,0,0
TOQUES,A CORUNYA,-7.96059571428571,42.968775,28,0,0
TORAL DE LOS VADOS,LEON,-6.77261833333333,42.5623208333333,24,0,0
TORDELLEGO,GUADALAJARA,-1.66988,40.7201,1,0,0
TORDESILOS,GUADALAJARA,-1.59558,40.6711,1,0,0
TORDOIA,A CORUNYA,-8.54759666666667,43.0813352941176,51,0,0
TORENO,LEON,-6.51923,42.7136642857143,28,0,0
TORIJA,GUADALAJARA,-3.032599,40.73942,20,0,0
TORRALBA,CUENCA,-2.28717,40.3013,1,0,0
TORRALBA DE CALATRAVA,CIUDAD REAL,-3.75304830508475,39.0175152542373,59,0,0
TORRE DE ESTEBAN HAMBRAN LA,TOLEDO,-4.21088933333333,40.1713666666667,15,0,0
TORRE DE JUAN ABAD,CIUDAD REAL,-3.14224055555556,38.6041277777778,18,0,0
TORRE DEL BIERZO,LEON,-6.34963263157895,42.6008842105263,19,0,0
TORRE VAL DE SAN PEDRO,SEGOVIA,-3.87606333333333,41.0705333333333,3,0,0
TORREADRADA,SEGOVIA,-3.84107,41.4427,1,0,0
TORRECABALLEROS,SEGOVIA,-4.02306,40.9919117647059,17,0,0
TORRECILLA DEL PINAR,SEGOVIA,-4.03605,41.37345,2,0,0
TORRECUADRADA DE MOLINA,GUADALAJARA,-1.794685,40.744,2,0,0
TORRECUADRADILLA,GUADALAJARA,-2.558505,40.86985,2,0,0
TORREIGLESIAS,SEGOVIA,-4.0309325,41.093275,4,0,0
TORREJONCILLO DEL REY,CUENCA,-2.505814,40.04604,5,0,0
TORREMOCHA DEL CAMPO,GUADALAJARA,-2.5785725,40.9485,8,0,0
TORREMOCHA DEL PINAR,GUADALAJARA,-2.04469,40.8895,1,0,0
TORREMOCHUELA,GUADALAJARA,-1.8404,40.765,1,0,0
TORRENUEVA,CIUDAD REAL,-3.36417842105263,38.6421684210526,19,0,0
TORRES DE LA ALAMEDA,MADRID,-3.3694241509434,40.4075283018868,53,0,0
TORRUBIA,GUADALAJARA,-1.89927,40.9651,1,0,0
TORTUERA,GUADALAJARA,-1.796645,40.9706,2,0,0
TOURO,A CORUNYA,-8.26793421052631,42.8648184210526,38,0,0
TRABADELO,LEON,-6.88279666666667,42.640375,12,0,0
TRAGACETE,CUENCA,-1.84864333333333,40.3490666666667,3,0,0
TRAID,GUADALAJARA,-1.80915,40.6664,1,0,0
TRASMIRAS,OURENSE,-7.62293428571429,42.025819047619,21,0,0
TRAZO,A CORUNYA,-8.53859089285714,43.0051125,56,0,0
TREFACIO,ZAMORA,-6.65047,42.1220333333333,6,0,0
TRESCASAS,SEGOVIA,-4.03490571428572,40.9551857142857,14,0,0
TRIACASTELA,LUGO,-7.213738125,42.760825,16,0,0
TRIJUEQUE,GUADALAJARA,-2.96605,40.7862714285714,7,0,0
TRILLO,GUADALAJARA,-2.56261434782609,40.6817739130435,23,0,0
TRUCHAS,LEON,-6.4176575,42.26010625,16,0,0
TUI,PONTEVEDRA,-8.62802857142857,42.0738857142857,7,0,0
TURCIA,LEON,-5.87586076923077,42.5342307692308,13,0,0
TUREGANO,SEGOVIA,-3.99607636363636,41.1346454545455,11,0,0
TURLEQUE,TOLEDO,-3.63221777777778,39.6022333333333,9,0,0
UGENA,TOLEDO,-3.87683594202898,40.1623811594203,69,0,0
UNYA,CUENCA,-1.96156666666667,40.2191,6,0,0
UNYA DE QUINTANA,ZAMORA,-6.14423,42.085,3,0,0
URDA,TOLEDO,-3.72205869565217,39.4111608695652,23,0,0
URDIALES DEL PARAMO,LEON,-5.76835714285714,42.3806571428571,7,0,0
URUENYAS,SEGOVIA,-3.77702,41.3548,1,0,0
VAL DE SAN LORENZO,LEON,-6.13216333333333,42.4144555555556,9,0,0
VAL DO DUBRA,A CORUNYA,-8.65952895833333,43.0245375,48,0,0
VALDEAVELLANO,GUADALAJARA,-2.97158,40.6648,1,0,0
VALDECOLMENAS LOS,CUENCA,-2.47889,40.1117666666667,3,0,0
VALDECONCHA,GUADALAJARA,-2.87764,40.4558,1,0,0
VALDEFUENTES DEL PARAMO,LEON,-5.82993,42.312,3,0,0
VALDEGRUDAS,GUADALAJARA,-3.018715,40.7162,2,0,0
VALDELAGUNA,MADRID,-3.36615333333333,40.1605888888889,9,0,0
VALDEMECA,CUENCA,-1.74345,40.224,1,0,0
VALDEMORILLO DE LA SIERRA,CUENCA,-1.77979,40.0379,1,0,0
VALDEMORO,MADRID,-3.66223715789474,40.1936831578947,95,0,0
VALDEMORO SIERRA,CUENCA,-1.76769,40.1005,2,0,0
VALDEOLIVAS,CUENCA,-2.44658,40.5050666666667,3,0,0
VALDEPENYAS,CIUDAD REAL,-3.39122254716981,38.7693358490566,318,0,0
VALDEPRADOS,SEGOVIA,-4.27414666666667,40.8280666666667,3,0,0
VALDERREBOLLO,GUADALAJARA,-2.73074,40.81295,2,0,0
VALDERREY,LEON,-6.0088425,42.4008375,16,0,0
VALDESAMARIO,LEON,-5.971845,42.71865,6,0,0
VALDEVACAS DE MONTEJO,SEGOVIA,-3.63658,41.5196,1,0,0
VALDEVACAS Y GUIJAR,SEGOVIA,-3.910595,41.1407,2,0,0
VALDEVIMBRE,LEON,-5.6600556,42.412884,25,0,0
VALDILECHA,MADRID,-3.304156,40.294195,20,0,0
VALDOVINYO,A CORUNYA,-8.13538205882353,43.5999897058823,68,0,0
VALENZUELA DE CALATRAVA,CIUDAD REAL,-3.77039866666667,38.8486333333333,15,0,0
VALFERMOSO DE TAJUNYA,GUADALAJARA,-2.949185,40.61715,2,0,0
VALGA,PONTEVEDRA,-8.65898727272728,42.6936295454545,44,0,0
VALHERMOSO,GUADALAJARA,-1.99348,40.7771,2,0,0
VALLE DE TABLADILLO,SEGOVIA,-3.832025,41.3629,2,0,0
VALLELADO,SEGOVIA,-4.43278538461538,41.3982153846154,13,0,0
VALLERUELA DE PEDRAZA,SEGOVIA,-3.81340666666667,41.1732333333333,3,0,0
VALLERUELA DE SEPULVEDA,SEGOVIA,-3.77366,41.1876,1,0,0
VALMOJADO,TOLEDO,-4.088852,40.2060363636364,55,0,0
VALSECA,SEGOVIA,-4.16689857142857,41.0041142857143,7,0,0
VALTABLADO DEL RIO,GUADALAJARA,-2.4026,40.7142,1,0,0
VALTIENDAS,SEGOVIA,-3.9174725,41.485,4,0,0
VALVERDE DE ALCALA,MADRID,-3.301278,40.41552,5,0,0
VALVERDE DEL MAJANO,SEGOVIA,-4.21592451612903,40.9580096774194,31,0,0
VEDRA,A CORUNYA,-8.465386,42.7828218181818,55,0,0
VEGA DE ESPINAREDA,LEON,-6.68153444444444,42.7355722222222,18,0,0
VEGA DE TERA,ZAMORA,-6.124175,41.9966,6,0,0
VEGA DE VALCARCE,LEON,-6.97347846153846,42.6759269230769,26,0,0
VEGA DEL CODORNO,CUENCA,-1.92901166666667,40.4314,6,0,0
VEGANZONES,SEGOVIA,-3.98868666666667,41.1951333333333,3,0,0
VEGAS DE MATUTE,SEGOVIA,-4.28066304347826,40.790447826087,23,0,0
VEIGA A,OURENSE,-7.04970333333333,42.3121666666667,3,0,0
VELILLA DE SAN ANTONIO,MADRID,-3.483144,40.36686,65,0,0
VENTAS DE RETAMOSA LAS,TOLEDO,-4.11798053571429,40.1552589285714,56,0,0
VENTOSILLA Y TEJADILLA,SEGOVIA,-3.6915125,41.182075,4,0,0
VEREA,OURENSE,-7.93572631578947,42.0980368421053,19,0,0
VERIN,OURENSE,-7.43645073684211,41.9296905263158,95,0,0
VIANA DO BOLO,OURENSE,-7.0878271875,42.1618109375,64,0,0
VIGO,PONTEVEDRA,-8.72168298026999,42.2194287642782,963,0,0
VILA DE CRUCES,PONTEVEDRA,-8.21829970588236,42.7968892156863,102,0,0
VILABOA,PONTEVEDRA,-8.64694274509804,42.3505607843137,51,0,0
VILAGARCIA DE AROUSA,PONTEVEDRA,-8.76292605504587,42.5937334862385,218,0,0
VILALBA,LUGO,-7.7801,43.2531,1,0,0
VILAMARIN,OURENSE,-7.88759511627907,42.4504906976744,43,0,0
VILAMARTIN DE VALDEORRAS,OURENSE,-7.04965064516129,42.4178903225807,31,0,0
VILANOVA DE AROUSA,PONTEVEDRA,-8.79308846153846,42.5579884615385,78,0,0
VILAR DE BARRIO,OURENSE,-7.60631045454545,42.1697045454545,22,0,0
VILAR DE SANTOS,OURENSE,-7.80820352941176,42.0974705882353,17,0,0
VILARDEVOS,OURENSE,-7.30157787878788,41.9068242424242,33,0,0
VILARINYO DE CONSO,OURENSE,-7.21047,42.1606214285714,14,0,0
VILARMAIOR,A CORUNYA,-8.13172833333333,43.3538,24,0,0
VILASANTAR,A CORUNYA,-8.10710225806452,43.0699612903226,31,0,0
VILLABLINO,LEON,-6.24804,42.9193,1,0,0
VILLACANYAS,TOLEDO,-3.34204888888889,39.6075944444445,90,0,0
VILLACASTIN,SEGOVIA,-4.41457352941176,40.7776411764706,17,0,0
VILLACONEJOS,MADRID,-3.48691,40.10202,10,0,0
VILLACONEJOS DE TRABAQUE,CUENCA,-2.31869857142857,40.4003571428571,7,0,0
VILLADANGOS DEL PARAMO,LEON,-5.75002547619048,42.5307452380952,42,0,0
VILLAFRANCA DE LOS CABALLEROS,TOLEDO,-3.35512102564102,39.4267384615385,39,0,0
VILLAFRANCA DEL BIERZO,LEON,-6.799746,42.63406,40,0,0
VILLAGATON,LEON,-6.1779394117647,42.6266705882353,17,0,0
VILLAGERIZ,ZAMORA,-5.95537,42.1175,1,0,0
VILLAHERMOSA,CIUDAD REAL,-2.86758444444444,38.7598166666667,18,0,0
VILLALBA DE LA SIERRA,CUENCA,-2.08905,40.2242384615385,13,0,0
VILLALBA DEL REY,CUENCA,-2.6325525,40.344675,4,0,0
VILLALBILLA,MADRID,-3.33402049019608,40.4401343137255,102,0,0
VILLALUENGA DE LA SAGRA,TOLEDO,-3.933675,40.02135,4,0,0
VILLAMANRIQUE,CIUDAD REAL,-3.045715,38.55095,8,0,0
VILLAMANRIQUE DE TAJO,MADRID,-3.23501,40.0687636363636,11,0,0
VILLAMANYAN,LEON,-5.6340225,42.336475,4,0,0
VILLAMAYOR DE CALATRAVA,CIUDAD REAL,-4.12403416666667,38.7754416666667,12,0,0
VILLAMEJIL,LEON,-6.03222222222222,42.5672777777778,9,0,0
VILLAMIEL DE TOLEDO,TOLEDO,-4.13061333333333,39.9821166666667,6,0,0
VILLAMONTAN DE LA VALDUERNA,LEON,-6.00806416666667,42.3111166666667,12,0,0
VILLAMUELAS,TOLEDO,-3.72419833333333,39.8169166666667,6,0,0
VILLANUEVA DE BOGAS,TOLEDO,-3.65889,39.731075,4,0,0
VILLANUEVA DE GUADAMEJUD,CUENCA,-2.5071,40.2243,1,0,0
VILLANUEVA DE LA FUENTE,CIUDAD REAL,-2.70031,38.69518,15,0,0
VILLANUEVA DE LOS INFANTES,CIUDAD REAL,-3.00879245614035,38.7373964912281,57,0,0
VILLANUEVA DE SAN CARLOS,CIUDAD REAL,-3.88195444444444,38.6085111111111,9,0,0
VILLAOBISPO DE OTERO,LEON,-6.053911,42.48919,10,0,0
VILLAPALACIOS,ALBACETE,-2.60562181818182,38.5649727272727,11,0,0
VILLAR DE DOMINGO GARCIA,CUENCA,-2.280694,40.2113,5,0,0
VILLAR DE OLALLA,CUENCA,-2.38816,39.9747,1,0,0
VILLAR DEL INFANTADO,CUENCA,-2.47905,40.4558,1,0,0
VILLAR DEL OLMO,MADRID,-3.2415775,40.3400125,8,0,0
VILLAR DEL POZO,CIUDAD REAL,-3.964935,38.8466,2,0,0
VILLAR Y VELASCO,CUENCA,-2.409735,40.1343,2,0,0
VILLARDECIERVOS,ZAMORA,-6.2976125,41.9464,4,0,0
VILLAREJO DE LA PENYUELA,CUENCA,-2.41069,40.0874,1,0,0
VILLAREJO DE ORBIGO,LEON,-5.8921735483871,42.4347225806452,31,0,0
VILLAREJO DE SALVANES,MADRID,-3.272225625,40.1625020833333,48,0,0
VILLARES DE ORBIGO,LEON,-5.9121075,42.4625625,8,0,0
VILLARROBLEDO,ALBACETE,-2.72822761904762,39.1966142857143,21,0,0
VILLARRUBIA DE LOS OJOS,CIUDAD REAL,-3.60917011494253,39.2086149425287,87,0,0
VILLARRUBIA DE SANTIAGO,TOLEDO,-3.36806074074074,39.9996185185185,27,0,0
VILLARTA DE SAN JUAN,CIUDAD REAL,-3.41964285714286,39.2350714285714,14,0,0
VILLAS DE LA VENTOSA,CUENCA,-2.40875571428571,40.2334857142857,7,0,0
VILLASEQUILLA,TOLEDO,-3.734185625,39.874375,16,0,0
VILLATOBAS,TOLEDO,-3.323443125,39.883165625,32,0,0
VILLAVERDE DE MONTEJO,SEGOVIA,-3.66252,41.50875,2,0,0
VILLAZALA,LEON,-5.860904,42.37801,10,0,0
VILLEGUILLO,SEGOVIA,-4.57735,41.2514,1,0,0
VILLEL DE MESA,GUADALAJARA,-1.98962666666667,41.1242,3,0,0
VIMIANZO,A CORUNYA,-9.04448961538461,43.0818,52,0,0
VINDEL,CUENCA,-2.38096,40.5857,1,0,0
VISO DE SAN JUAN EL,TOLEDO,-3.943681,40.1433609090909,110,0,0
VISO DEL MARQUES,CIUDAD REAL,-3.57366194444444,38.529475,36,0,0
XERMADE,LUGO,-7.85805714285714,43.3887,7,0,0
XINZO DE LIMIA,OURENSE,-7.71690991666667,42.05684,120,0,0
XUNQUEIRA DE AMBIA,OURENSE,-7.7231048275862,42.1898551724138,29,0,0
XUNQUEIRA DE ESPADANEDO,OURENSE,-7.63646642857143,42.3112071428571,14,0,0
YANGUAS DE ERESMA,SEGOVIA,-4.251746,41.07312,5,0,0
YEBENES LOS,TOLEDO,-3.85908767123288,39.5481657534247,73,0,0
YEBES,GUADALAJARA,-3.10998054545455,40.5903709090909,55,0,0
YELAMOS DE ABAJO,GUADALAJARA,-2.85438,40.6307,1,0,0
YELAMOS DE ARRIBA,GUADALAJARA,-2.84186,40.6386,1,0,0
YELES,TOLEDO,-3.79858795918367,40.1201612244898,98,0,0
YELO,SORIA,-2.52729,41.2084,1,0,0
YEPES,TOLEDO,-3.63609166666667,39.9060208333333,72,0,0
YUNCLER,TOLEDO,-3.89565,40.05725,4,0,0
YUNCLILLOS,TOLEDO,-3.99204090909091,40.0236681818182,22,0,0
YUNCOS,TOLEDO,-3.87588051851852,40.0875096296297,135,0,0
YUNTA LA,GUADALAJARA,-1.68428,40.9125,1,0,0
ZAFRILLA,CUENCA,-1.6184,40.1932,1,0,0
ZAOREJAS,GUADALAJARA,-2.2056175,40.790625,4,0,0
ZARZUELA,CUENCA,-2.129845,40.25595,2,0,0
ZARZUELA DEL MONTE,SEGOVIA,-4.350253,40.80024,10,0,0
ZAS,A CORUNYA,-8.92877944444445,43.1048851851852,54,0,0
ZORITA DE LOS CANES,GUADALAJARA,-2.897012,40.33392,5,0,0
ZOTES DEL PARAMO,LEON,-5.723759375,42.267278125,32,0,0
